collected_at,route,flight_date,flight_status,dep_scheduled,dep_actual,dep_delay_min,arr_scheduled,arr_actual,arr_delay_min,calculated_dep_delay,calculated_arr_delay,flight_number,airline
2026-07-08T22:10:30.051593,BOM-FRA,2026-07-09,scheduled,2026-07-09T02:40:00+00:00,,,2026-07-09T08:05:00+00:00,,20,,,,Lufthansa
2026-07-08T22:10:30.051661,BOM-FRA,2026-07-08,landed,2026-07-08T11:40:00+00:00,2026-07-08T12:10:00+00:00,,2026-07-08T17:55:00+00:00,2026-07-08T17:30:00+00:00,,,,,Lufthansa
2026-07-08T22:10:30.051677,BOM-FRA,2026-07-08,landed,2026-07-08T11:40:00+00:00,2026-07-08T12:10:00+00:00,,2026-07-08T17:55:00+00:00,2026-07-08T17:30:00+00:00,,,,,Air India
2026-07-08T22:10:30.051687,BOM-FRA,2026-07-08,landed,2026-07-08T08:10:00+00:00,2026-07-08T08:34:00+00:00,9,2026-07-08T13:30:00+00:00,2026-07-08T13:39:00+00:00,9,,,,DHL Air
2026-07-08T22:10:30.051696,BOM-FRA,2026-07-08,scheduled,2026-07-08T02:40:00+00:00,2026-07-08T04:08:00+00:00,74,2026-07-08T08:05:00+00:00,,74,,,,Air India
2026-07-08T22:10:30.051705,BOM-FRA,2026-07-08,scheduled,2026-07-08T02:40:00+00:00,2026-07-08T04:08:00+00:00,74,2026-07-08T08:05:00+00:00,,74,,,,Air Canada
2026-07-08T22:10:30.051714,BOM-FRA,2026-07-08,scheduled,2026-07-08T02:40:00+00:00,2026-07-08T04:08:00+00:00,74,2026-07-08T08:05:00+00:00,,74,,,,Lufthansa
2026-07-08T22:10:30.051722,BOM-FRA,2026-07-07,landed,2026-07-07T08:20:00+00:00,2026-07-07T08:43:00+00:00,18,2026-07-07T13:45:00+00:00,2026-07-07T14:03:00+00:00,18,,,,Lufthansa Cargo
2026-07-08T22:10:30.051731,BOM-FRA,2026-07-07,scheduled,2026-07-07T08:20:00+00:00,,,2026-07-07T13:45:00+00:00,,,,,,Lufthansa
2026-07-08T22:10:30.051739,BOM-FRA,2026-07-07,scheduled,2026-07-07T02:40:00+00:00,2026-07-07T03:22:00+00:00,41,2026-07-07T08:05:00+00:00,,40,,,,Alitalia
2026-07-08T22:10:30.051747,BOM-FRA,2026-07-07,scheduled,2026-07-07T02:40:00+00:00,2026-07-07T03:22:00+00:00,41,2026-07-07T08:05:00+00:00,,40,,,,Air India
2026-07-08T22:10:30.051755,BOM-FRA,2026-07-07,scheduled,2026-07-07T02:40:00+00:00,2026-07-07T03:22:00+00:00,41,2026-07-07T08:05:00+00:00,,40,,,,Air Canada
2026-07-08T22:10:30.051762,BOM-FRA,2026-07-07,scheduled,2026-07-07T02:40:00+00:00,2026-07-07T03:22:00+00:00,41,2026-07-07T08:05:00+00:00,,40,,,,Lufthansa
2026-07-08T22:10:51.719870,DEL-CDG,2026-07-09,scheduled,2026-07-09T04:05:00+00:00,,,2026-07-09T10:05:00+00:00,,,,,,Cathay Pacific
2026-07-08T22:10:51.719913,DEL-CDG,2026-07-09,scheduled,2026-07-09T00:50:00+00:00,,,2026-07-09T06:25:00+00:00,,,,,,Air France
2026-07-08T22:10:51.719924,DEL-CDG,2026-07-08,active,2026-07-08T12:10:00+00:00,,,2026-07-08T19:15:00+00:00,,10,,,,Singapore Airlines
2026-07-08T22:10:51.719935,DEL-CDG,2026-07-08,landed,2026-07-08T09:38:00+00:00,2026-07-08T09:44:00+00:00,,2026-07-08T15:40:00+00:00,2026-07-08T15:17:00+00:00,,,,,FedEx
2026-07-08T22:10:51.719947,DEL-CDG,2026-07-08,scheduled,2026-07-08T12:10:00+00:00,2026-07-08T13:54:00+00:00,55,2026-07-08T19:15:00+00:00,,55,,,,Air India
2026-07-08T22:10:51.719957,DEL-CDG,2026-07-08,landed,2026-07-08T00:50:00+00:00,2026-07-08T01:20:00+00:00,,2026-07-08T06:25:00+00:00,2026-07-08T06:23:00+00:00,,,,,KLM
2026-07-08T22:10:51.719968,DEL-CDG,2026-07-08,landed,2026-07-08T00:50:00+00:00,2026-07-08T01:20:00+00:00,,2026-07-08T06:25:00+00:00,2026-07-08T06:23:00+00:00,,,,,Delta Air Lines
2026-07-08T22:10:51.719977,DEL-CDG,2026-07-08,landed,2026-07-08T00:50:00+00:00,2026-07-08T01:20:00+00:00,,2026-07-08T06:25:00+00:00,2026-07-08T06:23:00+00:00,,,,,Air France
2026-07-08T22:10:51.719986,DEL-CDG,2026-07-07,landed,2026-07-07T12:10:00+00:00,2026-07-07T12:21:00+00:00,,2026-07-07T19:15:00+00:00,2026-07-07T18:32:00+00:00,,,,,Singapore Airlines
2026-07-08T22:10:51.719998,DEL-CDG,2026-07-07,scheduled,2026-07-07T09:38:00+00:00,2026-07-07T10:00:00+00:00,60,2026-07-07T15:40:00+00:00,,60,,,,FedEx
2026-07-08T22:10:51.720009,DEL-CDG,2026-07-07,landed,2026-07-07T12:10:00+00:00,2026-07-07T12:21:00+00:00,,2026-07-07T19:15:00+00:00,2026-07-07T18:32:00+00:00,,,,,Air India
2026-07-08T22:10:51.720020,DEL-CDG,2026-07-07,landed,2026-07-07T00:50:00+00:00,2026-07-07T01:16:00+00:00,,2026-07-07T06:25:00+00:00,2026-07-07T06:12:00+00:00,,,,,Air France
2026-07-08T22:10:51.720029,DEL-CDG,2026-07-07,landed,2026-07-07T00:50:00+00:00,2026-07-07T01:16:00+00:00,,2026-07-07T06:25:00+00:00,2026-07-07T06:12:00+00:00,,,,,KLM
2026-07-08T22:10:51.720039,DEL-CDG,2026-07-07,landed,2026-07-07T00:50:00+00:00,2026-07-07T01:16:00+00:00,,2026-07-07T06:25:00+00:00,2026-07-07T06:12:00+00:00,,,,,Delta Air Lines
2026-07-08T22:11:13.401381,BLR-AMS,2026-07-09,scheduled,2026-07-09T01:05:00+00:00,,,2026-07-09T07:55:00+00:00,,10,,,,Delta Air Lines
2026-07-08T22:11:13.401413,BLR-AMS,2026-07-09,scheduled,2026-07-09T01:05:00+00:00,,,2026-07-09T07:55:00+00:00,,10,,,,Air France
2026-07-08T22:11:13.401418,BLR-AMS,2026-07-09,scheduled,2026-07-09T01:05:00+00:00,,,2026-07-09T07:55:00+00:00,,10,,,,KLM
2026-07-08T22:11:13.401423,BLR-AMS,2026-07-08,landed,2026-07-08T01:05:00+00:00,2026-07-08T01:22:00+00:00,,2026-07-08T07:55:00+00:00,2026-07-08T07:40:00+00:00,,,,,Delta Air Lines
2026-07-08T22:11:13.401429,BLR-AMS,2026-07-08,landed,2026-07-08T01:05:00+00:00,2026-07-08T01:22:00+00:00,,2026-07-08T07:55:00+00:00,2026-07-08T07:40:00+00:00,,,,,Air France
2026-07-08T22:11:13.401435,BLR-AMS,2026-07-08,landed,2026-07-08T01:05:00+00:00,2026-07-08T01:22:00+00:00,,2026-07-08T07:55:00+00:00,2026-07-08T07:40:00+00:00,,,,,KLM
2026-07-08T22:11:13.401440,BLR-AMS,2026-07-07,landed,2026-07-07T01:05:00+00:00,2026-07-07T01:10:00+00:00,,2026-07-07T07:55:00+00:00,2026-07-07T07:34:00+00:00,,,,,Delta Air Lines
2026-07-08T22:11:13.401446,BLR-AMS,2026-07-07,landed,2026-07-07T01:05:00+00:00,2026-07-07T01:10:00+00:00,,2026-07-07T07:55:00+00:00,2026-07-07T07:34:00+00:00,,,,,Air France
2026-07-08T22:11:13.401451,BLR-AMS,2026-07-07,landed,2026-07-07T01:05:00+00:00,2026-07-07T01:10:00+00:00,,2026-07-07T07:55:00+00:00,2026-07-07T07:34:00+00:00,,,,,KLM
2026-07-09T10:06:46.256264,BOM-FRA,2026-07-09,scheduled,2026-07-09T11:40:00+00:00,,,2026-07-09T17:55:00+00:00,,10,,,,Lufthansa
2026-07-09T10:06:46.256318,BOM-FRA,2026-07-09,scheduled,2026-07-09T11:40:00+00:00,,,2026-07-09T17:55:00+00:00,,10,,,,Air India
2026-07-09T10:06:46.256328,BOM-FRA,2026-07-09,active,2026-07-09T02:40:00+00:00,2026-07-09T03:17:00+00:00,,2026-07-09T08:05:00+00:00,,37,,,,Alitalia
2026-07-09T10:06:46.256335,BOM-FRA,2026-07-09,active,2026-07-09T02:40:00+00:00,2026-07-09T03:17:00+00:00,,2026-07-09T08:05:00+00:00,,37,,,,Air India
2026-07-09T10:06:46.256340,BOM-FRA,2026-07-09,active,2026-07-09T02:40:00+00:00,2026-07-09T03:17:00+00:00,,2026-07-09T08:05:00+00:00,,37,,,,Air Canada
2026-07-09T10:06:46.256345,BOM-FRA,2026-07-09,scheduled,2026-07-09T02:40:00+00:00,2026-07-09T03:17:00+00:00,30,2026-07-09T08:05:00+00:00,,29,,,,Lufthansa
2026-07-09T10:06:46.256350,BOM-FRA,2026-07-08,landed,2026-07-08T11:40:00+00:00,2026-07-08T12:10:00+00:00,,2026-07-08T17:55:00+00:00,2026-07-08T17:30:00+00:00,,,,,Lufthansa
2026-07-09T10:06:46.256356,BOM-FRA,2026-07-08,landed,2026-07-08T11:40:00+00:00,2026-07-08T12:10:00+00:00,,2026-07-08T17:55:00+00:00,2026-07-08T17:30:00+00:00,,,,,Air India
2026-07-09T10:06:46.256361,BOM-FRA,2026-07-08,landed,2026-07-08T08:10:00+00:00,2026-07-08T08:34:00+00:00,9,2026-07-08T13:30:00+00:00,2026-07-08T13:39:00+00:00,9,,,,DHL Air
2026-07-09T10:06:46.256367,BOM-FRA,2026-07-08,scheduled,2026-07-08T02:40:00+00:00,2026-07-08T04:08:00+00:00,74,2026-07-08T08:05:00+00:00,,74,,,,Air India
2026-07-09T10:06:46.256372,BOM-FRA,2026-07-08,scheduled,2026-07-08T02:40:00+00:00,2026-07-08T04:08:00+00:00,74,2026-07-08T08:05:00+00:00,,74,,,,Air Canada
2026-07-09T10:06:46.256377,BOM-FRA,2026-07-08,scheduled,2026-07-08T02:40:00+00:00,2026-07-08T04:08:00+00:00,74,2026-07-08T08:05:00+00:00,,74,,,,Lufthansa
2026-07-09T10:06:46.771323,DEL-CDG,2026-07-09,active,2026-07-09T09:38:00+00:00,,,2026-07-09T16:19:00+00:00,,10,,,,FedEx
2026-07-09T10:06:46.771343,DEL-CDG,2026-07-09,scheduled,2026-07-09T12:10:00+00:00,,,2026-07-09T19:15:00+00:00,,30,,,,Air India
2026-07-09T10:06:46.771350,DEL-CDG,2026-07-09,active,2026-07-09T00:50:00+00:00,2026-07-09T01:18:00+00:00,,2026-07-09T06:25:00+00:00,,,,,,KLM
2026-07-09T10:06:46.771355,DEL-CDG,2026-07-09,active,2026-07-09T00:50:00+00:00,2026-07-09T01:18:00+00:00,,2026-07-09T06:25:00+00:00,,,,,,Delta Air Lines
2026-07-09T10:06:46.771361,DEL-CDG,2026-07-09,active,2026-07-09T04:05:00+00:00,2026-07-09T04:11:00+00:00,,2026-07-09T10:05:00+00:00,,6,,,,Cathay Pacific
2026-07-09T10:06:46.771366,DEL-CDG,2026-07-09,active,2026-07-09T00:50:00+00:00,2026-07-09T01:18:00+00:00,,2026-07-09T06:25:00+00:00,,,,,,Air France
2026-07-09T10:06:46.771370,DEL-CDG,2026-07-08,scheduled,2026-07-08T12:10:00+00:00,2026-07-08T13:54:00+00:00,57,2026-07-08T19:15:00+00:00,,57,,,,Singapore Airlines
2026-07-09T10:06:46.771376,DEL-CDG,2026-07-08,landed,2026-07-08T09:38:00+00:00,2026-07-08T09:44:00+00:00,,2026-07-08T15:40:00+00:00,2026-07-08T15:17:00+00:00,,,,,FedEx
2026-07-09T10:06:46.771382,DEL-CDG,2026-07-08,scheduled,2026-07-08T12:10:00+00:00,2026-07-08T13:54:00+00:00,57,2026-07-08T19:15:00+00:00,,57,,,,Air India
2026-07-09T10:06:46.771387,DEL-CDG,2026-07-08,landed,2026-07-08T00:50:00+00:00,2026-07-08T01:20:00+00:00,,2026-07-08T06:25:00+00:00,2026-07-08T06:23:00+00:00,,,,,KLM
2026-07-09T10:06:46.771392,DEL-CDG,2026-07-08,landed,2026-07-08T00:50:00+00:00,2026-07-08T01:20:00+00:00,,2026-07-08T06:25:00+00:00,2026-07-08T06:23:00+00:00,,,,,Delta Air Lines
2026-07-09T10:06:46.771398,DEL-CDG,2026-07-08,landed,2026-07-08T00:50:00+00:00,2026-07-08T01:20:00+00:00,,2026-07-08T06:25:00+00:00,2026-07-08T06:23:00+00:00,,,,,Air France
2026-07-09T10:06:47.533361,BLR-AMS,2026-07-09,active,2026-07-09T10:10:00+00:00,,,2026-07-09T16:50:00+00:00,,10,,,,Singapore Airlines
2026-07-09T10:06:47.533381,BLR-AMS,2026-07-09,active,2026-07-09T01:05:00+00:00,2026-07-09T01:15:00+00:00,,2026-07-09T07:55:00+00:00,,10,,,,Delta Air Lines
2026-07-09T10:06:47.533389,BLR-AMS,2026-07-09,active,2026-07-09T01:05:00+00:00,2026-07-09T01:15:00+00:00,,2026-07-09T07:55:00+00:00,,10,,,,Air France
2026-07-09T10:06:47.533394,BLR-AMS,2026-07-09,active,2026-07-09T01:05:00+00:00,2026-07-09T01:15:00+00:00,,2026-07-09T07:55:00+00:00,,,,,,KLM
2026-07-09T10:06:47.533399,BLR-AMS,2026-07-08,landed,2026-07-08T01:05:00+00:00,2026-07-08T01:22:00+00:00,,2026-07-08T07:55:00+00:00,2026-07-08T07:40:00+00:00,,,,,Delta Air Lines
2026-07-09T10:06:47.533408,BLR-AMS,2026-07-08,landed,2026-07-08T01:05:00+00:00,2026-07-08T01:22:00+00:00,,2026-07-08T07:55:00+00:00,2026-07-08T07:40:00+00:00,,,,,Air France
2026-07-09T10:06:47.533414,BLR-AMS,2026-07-08,landed,2026-07-08T01:05:00+00:00,2026-07-08T01:22:00+00:00,,2026-07-08T07:55:00+00:00,2026-07-08T07:40:00+00:00,,,,,KLM
2026-07-09T11:04:03.734998,BOM-FRA,2026-07-09,scheduled,2026-07-09T11:40:00+00:00,,,2026-07-09T17:55:00+00:00,,10,,,,Lufthansa
2026-07-09T11:04:03.735048,BOM-FRA,2026-07-09,scheduled,2026-07-09T11:40:00+00:00,,,2026-07-09T17:55:00+00:00,,10,,,,Air India
2026-07-09T11:04:03.735057,BOM-FRA,2026-07-09,active,2026-07-09T02:40:00+00:00,2026-07-09T03:17:00+00:00,,2026-07-09T08:05:00+00:00,,37,,,,Alitalia
2026-07-09T11:04:03.735064,BOM-FRA,2026-07-09,active,2026-07-09T02:40:00+00:00,2026-07-09T03:17:00+00:00,,2026-07-09T08:05:00+00:00,,37,,,,Air India
2026-07-09T11:04:03.735069,BOM-FRA,2026-07-09,active,2026-07-09T02:40:00+00:00,2026-07-09T03:17:00+00:00,,2026-07-09T08:05:00+00:00,,37,,,,Air Canada
2026-07-09T11:04:03.735074,BOM-FRA,2026-07-09,scheduled,2026-07-09T02:40:00+00:00,2026-07-09T03:17:00+00:00,30,2026-07-09T08:05:00+00:00,,29,,,,Lufthansa
2026-07-09T11:04:03.735080,BOM-FRA,2026-07-08,landed,2026-07-08T11:40:00+00:00,2026-07-08T12:10:00+00:00,,2026-07-08T17:55:00+00:00,2026-07-08T17:30:00+00:00,,,,,Lufthansa
2026-07-09T11:04:03.735086,BOM-FRA,2026-07-08,landed,2026-07-08T11:40:00+00:00,2026-07-08T12:10:00+00:00,,2026-07-08T17:55:00+00:00,2026-07-08T17:30:00+00:00,,,,,Air India
2026-07-09T11:04:03.735091,BOM-FRA,2026-07-08,landed,2026-07-08T08:10:00+00:00,2026-07-08T08:34:00+00:00,9,2026-07-08T13:30:00+00:00,2026-07-08T13:39:00+00:00,9,,,,DHL Air
2026-07-09T11:04:03.735097,BOM-FRA,2026-07-08,scheduled,2026-07-08T02:40:00+00:00,2026-07-08T04:08:00+00:00,74,2026-07-08T08:05:00+00:00,,74,,,,Air India
2026-07-09T11:04:03.735103,BOM-FRA,2026-07-08,scheduled,2026-07-08T02:40:00+00:00,2026-07-08T04:08:00+00:00,74,2026-07-08T08:05:00+00:00,,74,,,,Air Canada
2026-07-09T11:04:03.735108,BOM-FRA,2026-07-08,scheduled,2026-07-08T02:40:00+00:00,2026-07-08T04:08:00+00:00,74,2026-07-08T08:05:00+00:00,,74,,,,Lufthansa
2026-07-09T11:04:04.307620,DEL-CDG,2026-07-09,active,2026-07-09T09:38:00+00:00,2026-07-09T10:03:00+00:00,121,2026-07-09T15:40:00+00:00,,26,,,,FedEx
2026-07-09T11:04:04.307639,DEL-CDG,2026-07-09,scheduled,2026-07-09T12:10:00+00:00,,,2026-07-09T19:15:00+00:00,,30,,,,Air India
2026-07-09T11:04:04.307645,DEL-CDG,2026-07-09,landed,2026-07-09T00:50:00+00:00,2026-07-09T01:18:00+00:00,,2026-07-09T06:25:00+00:00,2026-07-09T06:18:00+00:00,,,,,KLM
2026-07-09T11:04:04.307651,DEL-CDG,2026-07-09,landed,2026-07-09T00:50:00+00:00,2026-07-09T01:18:00+00:00,,2026-07-09T06:25:00+00:00,2026-07-09T06:18:00+00:00,,,,,Delta Air Lines
2026-07-09T11:04:04.307657,DEL-CDG,2026-07-09,active,2026-07-09T04:05:00+00:00,2026-07-09T04:11:00+00:00,,2026-07-09T10:05:00+00:00,,6,,,,Cathay Pacific
2026-07-09T11:04:04.307663,DEL-CDG,2026-07-09,landed,2026-07-09T00:50:00+00:00,2026-07-09T01:18:00+00:00,,2026-07-09T06:25:00+00:00,2026-07-09T06:18:00+00:00,,,,,Air France
2026-07-09T11:04:04.307668,DEL-CDG,2026-07-08,scheduled,2026-07-08T12:10:00+00:00,2026-07-08T13:54:00+00:00,57,2026-07-08T19:15:00+00:00,,57,,,,Singapore Airlines
2026-07-09T11:04:04.307674,DEL-CDG,2026-07-08,landed,2026-07-08T09:38:00+00:00,2026-07-08T09:44:00+00:00,,2026-07-08T15:40:00+00:00,2026-07-08T15:17:00+00:00,,,,,FedEx
2026-07-09T11:04:04.307679,DEL-CDG,2026-07-08,scheduled,2026-07-08T12:10:00+00:00,2026-07-08T13:54:00+00:00,57,2026-07-08T19:15:00+00:00,,57,,,,Air India
2026-07-09T11:04:04.307685,DEL-CDG,2026-07-08,landed,2026-07-08T00:50:00+00:00,2026-07-08T01:20:00+00:00,,2026-07-08T06:25:00+00:00,2026-07-08T06:23:00+00:00,,,,,KLM
2026-07-09T11:04:04.307690,DEL-CDG,2026-07-08,landed,2026-07-08T00:50:00+00:00,2026-07-08T01:20:00+00:00,,2026-07-08T06:25:00+00:00,2026-07-08T06:23:00+00:00,,,,,Delta Air Lines
2026-07-09T11:04:04.307696,DEL-CDG,2026-07-08,landed,2026-07-08T00:50:00+00:00,2026-07-08T01:20:00+00:00,,2026-07-08T06:25:00+00:00,2026-07-08T06:23:00+00:00,,,,,Air France
2026-07-09T11:04:04.794621,BLR-AMS,2026-07-09,active,2026-07-09T10:10:00+00:00,2026-07-09T09:56:00+00:00,,2026-07-09T16:50:00+00:00,,,,,,Singapore Airlines
2026-07-09T11:04:04.794661,BLR-AMS,2026-07-09,active,2026-07-09T01:05:00+00:00,2026-07-09T01:15:00+00:00,,2026-07-09T07:55:00+00:00,,10,,,,Delta Air Lines
2026-07-09T11:04:04.794675,BLR-AMS,2026-07-09,active,2026-07-09T01:05:00+00:00,2026-07-09T01:15:00+00:00,,2026-07-09T07:55:00+00:00,,10,,,,Air France
2026-07-09T11:04:04.794686,BLR-AMS,2026-07-09,active,2026-07-09T01:05:00+00:00,2026-07-09T01:15:00+00:00,,2026-07-09T07:55:00+00:00,,,,,,KLM
2026-07-09T11:04:04.794696,BLR-AMS,2026-07-08,landed,2026-07-08T01:05:00+00:00,2026-07-08T01:22:00+00:00,,2026-07-08T07:55:00+00:00,2026-07-08T07:40:00+00:00,,,,,Delta Air Lines
2026-07-09T11:04:04.794708,BLR-AMS,2026-07-08,landed,2026-07-08T01:05:00+00:00,2026-07-08T01:22:00+00:00,,2026-07-08T07:55:00+00:00,2026-07-08T07:40:00+00:00,,,,,Air France
2026-07-09T11:04:04.794718,BLR-AMS,2026-07-08,landed,2026-07-08T01:05:00+00:00,2026-07-08T01:22:00+00:00,,2026-07-08T07:55:00+00:00,2026-07-08T07:40:00+00:00,,,,,KLM
2026-07-10T11:46:30.912245,BOM-FRA,2026-07-10,scheduled,2026-07-10T02:40:00+00:00,2026-07-10T03:05:00+00:00,30,2026-07-10T08:05:00+00:00,,29,,,,Lufthansa
2026-07-10T11:46:30.912346,BOM-FRA,2026-07-10,active,2026-07-10T02:40:00+00:00,2026-07-10T03:05:00+00:00,14,2026-07-10T08:05:00+00:00,,26,,,,Air India
2026-07-10T11:46:30.912368,BOM-FRA,2026-07-10,active,2026-07-10T02:40:00+00:00,2026-07-10T03:05:00+00:00,14,2026-07-10T08:05:00+00:00,,26,,,,Air Canada
2026-07-10T11:46:30.912382,BOM-FRA,2026-07-09,landed,2026-07-09T11:40:00+00:00,2026-07-09T11:52:00+00:00,,2026-07-09T17:55:00+00:00,2026-07-09T17:09:00+00:00,,,,,Lufthansa
2026-07-10T11:46:30.912396,BOM-FRA,2026-07-09,landed,2026-07-09T11:40:00+00:00,2026-07-09T11:52:00+00:00,,2026-07-09T17:55:00+00:00,2026-07-09T17:09:00+00:00,,,,,Air India
2026-07-10T11:46:30.912409,BOM-FRA,2026-07-09,landed,2026-07-09T02:40:00+00:00,2026-07-09T03:17:00+00:00,28,2026-07-09T08:05:00+00:00,2026-07-09T08:33:00+00:00,28,,,,Alitalia
2026-07-10T11:46:30.912422,BOM-FRA,2026-07-09,landed,2026-07-09T02:40:00+00:00,2026-07-09T03:17:00+00:00,28,2026-07-09T08:05:00+00:00,2026-07-09T08:33:00+00:00,28,,,,Air India
2026-07-10T11:46:30.912434,BOM-FRA,2026-07-09,landed,2026-07-09T02:40:00+00:00,2026-07-09T03:17:00+00:00,28,2026-07-09T08:05:00+00:00,2026-07-09T08:33:00+00:00,28,,,,Air Canada
2026-07-10T11:46:30.912445,BOM-FRA,2026-07-09,landed,2026-07-09T02:40:00+00:00,2026-07-09T03:17:00+00:00,28,2026-07-09T08:05:00+00:00,2026-07-09T08:33:00+00:00,28,,,,Lufthansa
2026-07-10T11:46:31.496165,DEL-CDG,2026-07-10,active,2026-07-10T12:10:00+00:00,,,2026-07-10T19:15:00+00:00,,10,,,,Singapore Airlines
2026-07-10T11:46:31.496199,DEL-CDG,2026-07-10,active,2026-07-10T09:38:00+00:00,2026-07-10T10:04:00+00:00,,2026-07-10T15:40:00+00:00,,27,,,,FedEx
2026-07-10T11:46:31.496214,DEL-CDG,2026-07-10,active,2026-07-10T12:10:00+00:00,,,2026-07-10T19:15:00+00:00,,10,,,,Air India
2026-07-10T11:46:31.496226,DEL-CDG,2026-07-10,scheduled,2026-07-10T00:50:00+00:00,2026-07-10T04:09:00+00:00,166,2026-07-10T06:25:00+00:00,,165,,,,KLM
2026-07-10T11:46:31.496239,DEL-CDG,2026-07-10,scheduled,2026-07-10T00:50:00+00:00,2026-07-10T04:09:00+00:00,166,2026-07-10T06:25:00+00:00,,165,,,,Delta Air Lines
2026-07-10T11:46:31.496251,DEL-CDG,2026-07-10,scheduled,2026-07-10T00:50:00+00:00,2026-07-10T04:09:00+00:00,166,2026-07-10T06:25:00+00:00,,165,,,,Air France
2026-07-10T11:46:31.496263,DEL-CDG,2026-07-09,scheduled,2026-07-09T12:10:00+00:00,2026-07-09T14:21:00+00:00,82,2026-07-09T19:15:00+00:00,,81,,,,Singapore Airlines
2026-07-10T11:46:31.496276,DEL-CDG,2026-07-09,scheduled,2026-07-09T09:38:00+00:00,2026-07-09T10:03:00+00:00,55,2026-07-09T15:40:00+00:00,,55,,,,FedEx
2026-07-10T11:46:31.496287,DEL-CDG,2026-07-09,scheduled,2026-07-09T12:10:00+00:00,2026-07-09T14:21:00+00:00,82,2026-07-09T19:15:00+00:00,,81,,,,Air India
2026-07-10T11:46:31.496299,DEL-CDG,2026-07-09,landed,2026-07-09T00:50:00+00:00,2026-07-09T01:18:00+00:00,,2026-07-09T06:25:00+00:00,2026-07-09T06:18:00+00:00,,,,,KLM
2026-07-10T11:46:31.496311,DEL-CDG,2026-07-09,landed,2026-07-09T00:50:00+00:00,2026-07-09T01:18:00+00:00,,2026-07-09T06:25:00+00:00,2026-07-09T06:18:00+00:00,,,,,Delta Air Lines
2026-07-10T11:46:31.496323,DEL-CDG,2026-07-09,landed,2026-07-09T04:05:00+00:00,2026-07-09T04:11:00+00:00,,2026-07-09T10:05:00+00:00,2026-07-09T09:35:00+00:00,,,,,Cathay Pacific
2026-07-10T11:46:31.496335,DEL-CDG,2026-07-09,landed,2026-07-09T00:50:00+00:00,2026-07-09T01:18:00+00:00,,2026-07-09T06:25:00+00:00,2026-07-09T06:18:00+00:00,,,,,Air France
2026-07-10T11:46:31.993565,BLR-AMS,2026-07-10,active,2026-07-10T01:05:00+00:00,2026-07-10T01:30:00+00:00,,2026-07-10T07:55:00+00:00,,26,,,,Delta Air Lines
2026-07-10T11:46:31.993596,BLR-AMS,2026-07-10,active,2026-07-10T01:05:00+00:00,2026-07-10T01:30:00+00:00,,2026-07-10T07:55:00+00:00,,26,,,,Air France
2026-07-10T11:46:31.993607,BLR-AMS,2026-07-10,landed,2026-07-10T01:05:00+00:00,2026-07-10T01:30:00+00:00,,2026-07-10T07:55:00+00:00,2026-07-10T07:39:00+00:00,,,,,KLM
2026-07-10T11:46:31.993618,BLR-AMS,2026-07-09,landed,2026-07-09T10:10:00+00:00,2026-07-09T09:56:00+00:00,,2026-07-09T16:50:00+00:00,2026-07-09T16:04:00+00:00,,,,,Singapore Airlines
2026-07-10T11:46:31.993631,BLR-AMS,2026-07-09,landed,2026-07-09T01:05:00+00:00,2026-07-09T01:15:00+00:00,,2026-07-09T07:55:00+00:00,2026-07-09T07:43:00+00:00,,,,,Delta Air Lines
2026-07-10T11:46:31.993641,BLR-AMS,2026-07-09,landed,2026-07-09T01:05:00+00:00,2026-07-09T01:15:00+00:00,,2026-07-09T07:55:00+00:00,2026-07-09T07:43:00+00:00,,,,,Air France
2026-07-10T11:46:31.993652,BLR-AMS,2026-07-09,landed,2026-07-09T01:05:00+00:00,2026-07-09T01:15:00+00:00,,2026-07-09T07:55:00+00:00,2026-07-09T07:43:00+00:00,,,,,KLM
2026-07-11T11:08:43.593162,BOM-FRA,2026-07-11,active,2026-07-11T11:40:00+00:00,,,2026-07-11T17:55:00+00:00,,10,,,LH7255,Lufthansa
2026-07-11T11:08:43.593247,BOM-FRA,2026-07-11,active,2026-07-11T11:40:00+00:00,,,2026-07-11T17:55:00+00:00,,10,,,AI2027,Air India
2026-07-11T11:08:43.593268,BOM-FRA,2026-07-11,active,2026-07-11T02:40:00+00:00,2026-07-11T02:55:00+00:00,4,2026-07-11T08:05:00+00:00,,15,15.0,,AZ4813,Alitalia
2026-07-11T11:08:43.593554,BOM-FRA,2026-07-11,active,2026-07-11T02:40:00+00:00,2026-07-11T02:55:00+00:00,4,2026-07-11T08:05:00+00:00,,15,15.0,,AI8757,Air India
2026-07-11T11:08:43.593587,BOM-FRA,2026-07-11,active,2026-07-11T02:40:00+00:00,2026-07-11T02:55:00+00:00,4,2026-07-11T08:05:00+00:00,,15,15.0,,AC9355,Air Canada
2026-07-11T11:08:43.593604,BOM-FRA,2026-07-11,active,2026-07-11T02:40:00+00:00,2026-07-11T02:55:00+00:00,1,2026-07-11T08:05:00+00:00,,1,15.0,,LH757,Lufthansa
2026-07-11T11:08:43.593621,BOM-FRA,2026-07-10,landed,2026-07-10T02:40:00+00:00,2026-07-10T03:05:00+00:00,29,2026-07-10T08:05:00+00:00,2026-07-10T08:34:00+00:00,29,25.0,29.0,LH757,Lufthansa
2026-07-11T11:08:43.593660,BOM-FRA,2026-07-10,landed,2026-07-10T02:40:00+00:00,2026-07-10T03:05:00+00:00,29,2026-07-10T08:05:00+00:00,2026-07-10T08:34:00+00:00,29,25.0,29.0,AI8757,Air India
2026-07-11T11:08:43.593680,BOM-FRA,2026-07-10,landed,2026-07-10T02:40:00+00:00,2026-07-10T03:05:00+00:00,29,2026-07-10T08:05:00+00:00,2026-07-10T08:34:00+00:00,29,25.0,29.0,AC9355,Air Canada
2026-07-11T11:08:44.078864,DEL-CDG,2026-07-11,active,2026-07-11T09:38:00+00:00,2026-07-11T09:57:00+00:00,44,2026-07-11T15:40:00+00:00,,19,19.0,,FX5279,FedEx
2026-07-11T11:08:44.078934,DEL-CDG,2026-07-11,scheduled,2026-07-11T12:10:00+00:00,,,2026-07-11T19:15:00+00:00,,10,,,AI143,Air India
2026-07-11T11:08:44.078952,DEL-CDG,2026-07-11,landed,2026-07-11T00:50:00+00:00,2026-07-11T01:17:00+00:00,,2026-07-11T06:25:00+00:00,2026-07-11T06:17:00+00:00,,27.0,-8.0,AF283,Air France
2026-07-11T11:08:44.078981,DEL-CDG,2026-07-11,landed,2026-07-11T00:50:00+00:00,2026-07-11T01:17:00+00:00,,2026-07-11T06:25:00+00:00,2026-07-11T06:17:00+00:00,,27.0,-8.0,KL2369,KLM
2026-07-11T11:08:44.079004,DEL-CDG,2026-07-11,landed,2026-07-11T00:50:00+00:00,2026-07-11T01:17:00+00:00,,2026-07-11T06:25:00+00:00,2026-07-11T06:17:00+00:00,,27.0,-8.0,DL8293,Delta Air Lines
2026-07-11T11:08:44.079028,DEL-CDG,2026-07-10,landed,2026-07-10T12:10:00+00:00,2026-07-10T12:26:00+00:00,,2026-07-10T19:15:00+00:00,2026-07-10T18:29:00+00:00,,16.0,-46.0,SQ4931,Singapore Airlines
2026-07-11T11:08:44.079051,DEL-CDG,2026-07-10,landed,2026-07-10T09:38:00+00:00,2026-07-10T10:04:00+00:00,,2026-07-10T15:40:00+00:00,2026-07-10T15:38:00+00:00,,26.0,-2.0,FX5279,FedEx
2026-07-11T11:08:44.079074,DEL-CDG,2026-07-10,landed,2026-07-10T12:10:00+00:00,2026-07-10T12:26:00+00:00,,2026-07-10T19:15:00+00:00,2026-07-10T18:29:00+00:00,,16.0,-46.0,AI143,Air India
2026-07-11T11:08:44.079097,DEL-CDG,2026-07-10,scheduled,2026-07-10T00:50:00+00:00,2026-07-10T04:09:00+00:00,166,2026-07-10T06:25:00+00:00,,165,199.0,,KL2369,KLM
2026-07-11T11:08:44.079118,DEL-CDG,2026-07-10,scheduled,2026-07-10T00:50:00+00:00,2026-07-10T04:09:00+00:00,166,2026-07-10T06:25:00+00:00,,165,199.0,,DL8293,Delta Air Lines
2026-07-11T11:08:44.079138,DEL-CDG,2026-07-10,scheduled,2026-07-10T00:50:00+00:00,2026-07-10T04:09:00+00:00,166,2026-07-10T06:25:00+00:00,,165,199.0,,AF283,Air France
2026-07-11T11:08:44.573030,BLR-AMS,2026-07-11,active,2026-07-11T09:35:00+00:00,2026-07-11T09:57:00+00:00,6,2026-07-11T16:15:00+00:00,,23,22.0,,SQ7352,Singapore Airlines
2026-07-11T11:08:44.573091,BLR-AMS,2026-07-10,landed,2026-07-10T01:05:00+00:00,2026-07-10T01:30:00+00:00,,2026-07-10T07:55:00+00:00,2026-07-10T07:39:00+00:00,,25.0,-16.0,DL9478,Delta Air Lines
2026-07-11T11:08:44.573115,BLR-AMS,2026-07-10,landed,2026-07-10T01:05:00+00:00,2026-07-10T01:30:00+00:00,,2026-07-10T07:55:00+00:00,2026-07-10T07:39:00+00:00,,25.0,-16.0,AF3126,Air France
2026-07-11T11:08:44.573134,BLR-AMS,2026-07-10,landed,2026-07-10T01:05:00+00:00,2026-07-10T01:30:00+00:00,,2026-07-10T07:55:00+00:00,2026-07-10T07:39:00+00:00,,25.0,-16.0,KL880,KLM
2026-07-12T10:44:31.777372,BOM-FRA,2026-07-12,scheduled,2026-07-12T11:40:00+00:00,,,2026-07-12T17:55:00+00:00,,10,,,LH7255,Lufthansa
2026-07-12T10:44:31.777517,BOM-FRA,2026-07-12,scheduled,2026-07-12T11:40:00+00:00,,,2026-07-12T17:55:00+00:00,,10,,,AI2027,Air India
2026-07-12T10:44:31.777552,BOM-FRA,2026-07-12,active,2026-07-12T08:10:00+00:00,2026-07-12T08:29:00+00:00,,2026-07-12T13:30:00+00:00,,19,19.0,,D0623,DHL Air
2026-07-12T10:44:31.777650,BOM-FRA,2026-07-12,active,2026-07-12T02:40:00+00:00,2026-07-12T02:56:00+00:00,6,2026-07-12T08:05:00+00:00,,16,16.0,,AZ4813,Alitalia
2026-07-12T10:44:31.777671,BOM-FRA,2026-07-12,active,2026-07-12T02:40:00+00:00,2026-07-12T02:56:00+00:00,6,2026-07-12T08:05:00+00:00,,16,16.0,,AI8757,Air India
2026-07-12T10:44:31.777689,BOM-FRA,2026-07-12,active,2026-07-12T02:40:00+00:00,2026-07-12T02:56:00+00:00,6,2026-07-12T08:05:00+00:00,,16,16.0,,AC9355,Air Canada
2026-07-12T10:44:31.777705,BOM-FRA,2026-07-12,active,2026-07-12T02:40:00+00:00,2026-07-12T02:56:00+00:00,10,2026-07-12T08:05:00+00:00,,10,16.0,,LH757,Lufthansa
2026-07-12T10:44:31.777718,BOM-FRA,2026-07-11,landed,2026-07-11T11:40:00+00:00,2026-07-11T12:11:00+00:00,,2026-07-11T17:55:00+00:00,2026-07-11T17:10:00+00:00,,31.0,-45.0,LH7255,Lufthansa
2026-07-12T10:44:31.777737,BOM-FRA,2026-07-11,landed,2026-07-11T11:40:00+00:00,2026-07-11T12:11:00+00:00,,2026-07-11T17:55:00+00:00,2026-07-11T17:10:00+00:00,,31.0,-45.0,AI2027,Air India
2026-07-12T10:44:31.777757,BOM-FRA,2026-07-11,landed,2026-07-11T02:40:00+00:00,2026-07-11T02:55:00+00:00,1,2026-07-11T08:05:00+00:00,2026-07-11T08:06:00+00:00,1,15.0,1.0,AZ4813,Alitalia
2026-07-12T10:44:31.777779,BOM-FRA,2026-07-11,landed,2026-07-11T02:40:00+00:00,2026-07-11T02:55:00+00:00,1,2026-07-11T08:05:00+00:00,2026-07-11T08:06:00+00:00,1,15.0,1.0,AI8757,Air India
2026-07-12T10:44:31.777797,BOM-FRA,2026-07-11,landed,2026-07-11T02:40:00+00:00,2026-07-11T02:55:00+00:00,1,2026-07-11T08:05:00+00:00,2026-07-11T08:06:00+00:00,1,15.0,1.0,AC9355,Air Canada
2026-07-12T10:44:31.777814,BOM-FRA,2026-07-11,landed,2026-07-11T02:40:00+00:00,2026-07-11T02:55:00+00:00,1,2026-07-11T08:05:00+00:00,2026-07-11T08:06:00+00:00,1,15.0,1.0,LH757,Lufthansa
2026-07-12T10:44:32.343402,DEL-CDG,2026-07-12,scheduled,2026-07-12T12:10:00+00:00,,,2026-07-12T19:15:00+00:00,,10,,,AI143,Air India
2026-07-12T10:44:32.343450,DEL-CDG,2026-07-12,landed,2026-07-12T00:50:00+00:00,2026-07-12T01:18:00+00:00,,2026-07-12T06:25:00+00:00,2026-07-12T06:11:00+00:00,,28.0,-14.0,AF283,Air France
2026-07-12T10:44:32.343494,DEL-CDG,2026-07-12,landed,2026-07-12T00:50:00+00:00,2026-07-12T01:18:00+00:00,,2026-07-12T06:25:00+00:00,2026-07-12T06:11:00+00:00,,28.0,-14.0,KL2369,KLM
2026-07-12T10:44:32.343516,DEL-CDG,2026-07-12,landed,2026-07-12T00:50:00+00:00,2026-07-12T01:18:00+00:00,,2026-07-12T06:25:00+00:00,2026-07-12T06:11:00+00:00,,28.0,-14.0,DL8293,Delta Air Lines
2026-07-12T10:44:32.343537,DEL-CDG,2026-07-11,landed,2026-07-11T12:10:00+00:00,2026-07-11T12:18:00+00:00,,2026-07-11T19:15:00+00:00,2026-07-11T18:20:00+00:00,,8.0,-55.0,SQ4931,Singapore Airlines
2026-07-12T10:44:32.343557,DEL-CDG,2026-07-11,active,2026-07-11T09:38:00+00:00,2026-07-11T09:57:00+00:00,,2026-07-11T16:13:00+00:00,,,19.0,,FX5279,FedEx
2026-07-12T10:44:32.343573,DEL-CDG,2026-07-11,landed,2026-07-11T12:10:00+00:00,2026-07-11T12:18:00+00:00,,2026-07-11T19:15:00+00:00,2026-07-11T18:20:00+00:00,,8.0,-55.0,AI143,Air India
2026-07-12T10:44:32.343595,DEL-CDG,2026-07-11,landed,2026-07-11T00:50:00+00:00,2026-07-11T01:17:00+00:00,,2026-07-11T06:25:00+00:00,2026-07-11T06:17:00+00:00,,27.0,-8.0,AF283,Air France
2026-07-12T10:44:32.343614,DEL-CDG,2026-07-11,landed,2026-07-11T00:50:00+00:00,2026-07-11T01:17:00+00:00,,2026-07-11T06:25:00+00:00,2026-07-11T06:17:00+00:00,,27.0,-8.0,KL2369,KLM
2026-07-12T10:44:32.343633,DEL-CDG,2026-07-11,landed,2026-07-11T00:50:00+00:00,2026-07-11T01:17:00+00:00,,2026-07-11T06:25:00+00:00,2026-07-11T06:17:00+00:00,,27.0,-8.0,DL8293,Delta Air Lines
2026-07-12T10:44:33.057678,BLR-AMS,2026-07-12,active,2026-07-12T01:05:00+00:00,2026-07-12T01:19:00+00:00,,2026-07-12T07:55:00+00:00,,15,14.0,,DL9478,Delta Air Lines
2026-07-12T10:44:33.057730,BLR-AMS,2026-07-12,active,2026-07-12T01:05:00+00:00,2026-07-12T01:19:00+00:00,,2026-07-12T07:55:00+00:00,,15,14.0,,AF3126,Air France
2026-07-12T10:44:33.057742,BLR-AMS,2026-07-12,active,2026-07-12T01:05:00+00:00,2026-07-12T01:19:00+00:00,,2026-07-12T07:55:00+00:00,,,14.0,,KL880,KLM
2026-07-12T10:44:33.057752,BLR-AMS,2026-07-11,landed,2026-07-11T09:35:00+00:00,2026-07-11T09:57:00+00:00,,2026-07-11T16:15:00+00:00,2026-07-11T16:12:00+00:00,,22.0,-3.0,SQ7352,Singapore Airlines
2026-07-13T15:52:41.913111,BOM-FRA,2026-07-13,active,2026-07-13T11:40:00+00:00,2026-07-13T12:26:00+00:00,,2026-07-13T17:55:00+00:00,,46,46.0,,LH7255,Lufthansa
2026-07-13T15:52:41.913186,BOM-FRA,2026-07-13,scheduled,2026-07-13T11:40:00+00:00,,,2026-07-13T17:55:00+00:00,,,,,AI2027,Air India
2026-07-13T15:52:41.913197,BOM-FRA,2026-07-13,active,2026-07-13T08:10:00+00:00,2026-07-13T08:22:00+00:00,,2026-07-13T13:15:00+00:00,,12,12.0,,D0627,DHL Air
2026-07-13T15:52:41.913209,BOM-FRA,2026-07-13,landed,2026-07-13T02:40:00+00:00,2026-07-13T03:01:00+00:00,5,2026-07-13T08:05:00+00:00,2026-07-13T08:10:00+00:00,5,21.0,5.0,LH757,Lufthansa
2026-07-13T15:52:41.913220,BOM-FRA,2026-07-13,landed,2026-07-13T02:40:00+00:00,2026-07-13T03:01:00+00:00,5,2026-07-13T08:05:00+00:00,2026-07-13T08:10:00+00:00,5,21.0,5.0,AI8757,Air India
2026-07-13T15:52:41.913229,BOM-FRA,2026-07-13,landed,2026-07-13T02:40:00+00:00,2026-07-13T03:01:00+00:00,5,2026-07-13T08:05:00+00:00,2026-07-13T08:10:00+00:00,5,21.0,5.0,AC9355,Air Canada
2026-07-13T15:52:41.913238,BOM-FRA,2026-07-12,landed,2026-07-12T11:40:00+00:00,2026-07-12T11:56:00+00:00,,2026-07-12T17:55:00+00:00,2026-07-12T17:01:00+00:00,,16.0,-54.0,LH7255,Lufthansa
2026-07-13T15:52:41.913247,BOM-FRA,2026-07-12,landed,2026-07-12T11:40:00+00:00,2026-07-12T11:56:00+00:00,,2026-07-12T17:55:00+00:00,2026-07-12T17:01:00+00:00,,16.0,-54.0,AI2027,Air India
2026-07-13T15:52:41.913256,BOM-FRA,2026-07-12,landed,2026-07-12T08:10:00+00:00,2026-07-12T08:29:00+00:00,,2026-07-12T13:30:00+00:00,2026-07-12T13:26:00+00:00,,19.0,-4.0,D0623,DHL Air
2026-07-13T15:52:41.913265,BOM-FRA,2026-07-12,landed,2026-07-12T02:40:00+00:00,2026-07-12T02:56:00+00:00,12,2026-07-12T08:05:00+00:00,2026-07-12T08:17:00+00:00,12,16.0,12.0,AZ4813,Alitalia
2026-07-13T15:52:41.913273,BOM-FRA,2026-07-12,landed,2026-07-12T02:40:00+00:00,2026-07-12T02:56:00+00:00,12,2026-07-12T08:05:00+00:00,2026-07-12T08:17:00+00:00,12,16.0,12.0,AI8757,Air India
2026-07-13T15:52:41.913282,BOM-FRA,2026-07-12,landed,2026-07-12T02:40:00+00:00,2026-07-12T02:56:00+00:00,12,2026-07-12T08:05:00+00:00,2026-07-12T08:17:00+00:00,12,16.0,12.0,AC9355,Air Canada
2026-07-13T15:52:41.913291,BOM-FRA,2026-07-12,landed,2026-07-12T02:40:00+00:00,2026-07-12T02:56:00+00:00,12,2026-07-12T08:05:00+00:00,2026-07-12T08:17:00+00:00,12,16.0,12.0,LH757,Lufthansa
2026-07-13T15:52:42.783295,DEL-CDG,2026-07-13,active,2026-07-13T12:10:00+00:00,2026-07-13T12:40:00+00:00,,2026-07-13T19:15:00+00:00,,30,30.0,,SQ4931,Singapore Airlines
2026-07-13T15:52:42.783345,DEL-CDG,2026-07-13,active,2026-07-13T12:10:00+00:00,2026-07-13T12:40:00+00:00,,2026-07-13T19:15:00+00:00,,30,30.0,,AI143,Air India
2026-07-13T15:52:42.783359,DEL-CDG,2026-07-13,active,2026-07-13T09:25:00+00:00,2026-07-13T09:32:00+00:00,,2026-07-13T15:25:00+00:00,,8,7.0,,FX5272,FedEx
2026-07-13T15:52:42.783372,DEL-CDG,2026-07-13,landed,2026-07-13T00:50:00+00:00,2026-07-13T01:18:00+00:00,,2026-07-13T06:25:00+00:00,2026-07-13T06:17:00+00:00,,28.0,-8.0,KL2369,KLM
2026-07-13T15:52:42.783389,DEL-CDG,2026-07-13,landed,2026-07-13T00:50:00+00:00,2026-07-13T01:18:00+00:00,,2026-07-13T06:25:00+00:00,2026-07-13T06:17:00+00:00,,28.0,-8.0,DL8293,Delta Air Lines
2026-07-13T15:52:42.783403,DEL-CDG,2026-07-13,landed,2026-07-13T00:50:00+00:00,2026-07-13T01:18:00+00:00,,2026-07-13T06:25:00+00:00,2026-07-13T06:17:00+00:00,,28.0,-8.0,AF283,Air France
2026-07-13T15:52:42.783417,DEL-CDG,2026-07-12,landed,2026-07-12T12:10:00+00:00,2026-07-12T13:26:00+00:00,14,2026-07-12T19:15:00+00:00,2026-07-12T19:29:00+00:00,14,76.0,14.0,SQ4931,Singapore Airlines
2026-07-13T15:52:42.783432,DEL-CDG,2026-07-12,landed,2026-07-12T12:10:00+00:00,2026-07-12T13:26:00+00:00,14,2026-07-12T19:15:00+00:00,2026-07-12T19:29:00+00:00,14,76.0,14.0,AI143,Air India
2026-07-13T15:52:42.783442,DEL-CDG,2026-07-12,landed,2026-07-12T00:50:00+00:00,2026-07-12T01:18:00+00:00,,2026-07-12T06:25:00+00:00,2026-07-12T06:11:00+00:00,,28.0,-14.0,AF283,Air France
2026-07-13T15:52:42.783451,DEL-CDG,2026-07-12,landed,2026-07-12T00:50:00+00:00,2026-07-12T01:18:00+00:00,,2026-07-12T06:25:00+00:00,2026-07-12T06:11:00+00:00,,28.0,-14.0,KL2369,KLM
2026-07-13T15:52:42.783461,DEL-CDG,2026-07-12,landed,2026-07-12T00:50:00+00:00,2026-07-12T01:18:00+00:00,,2026-07-12T06:25:00+00:00,2026-07-12T06:11:00+00:00,,28.0,-14.0,DL8293,Delta Air Lines
2026-07-13T15:52:43.451738,BLR-AMS,2026-07-12,landed,2026-07-12T01:05:00+00:00,2026-07-12T01:19:00+00:00,,2026-07-12T07:55:00+00:00,2026-07-12T07:16:00+00:00,,14.0,-39.0,DL9478,Delta Air Lines
2026-07-13T15:52:43.451804,BLR-AMS,2026-07-12,landed,2026-07-12T01:05:00+00:00,2026-07-12T01:19:00+00:00,,2026-07-12T07:55:00+00:00,2026-07-12T07:16:00+00:00,,14.0,-39.0,AF3126,Air France
2026-07-13T15:52:43.451828,BLR-AMS,2026-07-12,landed,2026-07-12T01:05:00+00:00,2026-07-12T01:19:00+00:00,,2026-07-12T07:55:00+00:00,2026-07-12T07:16:00+00:00,,14.0,-39.0,KL880,KLM
2026-07-14T12:13:29.153705,BOM-FRA,2026-07-14,active,2026-07-14T08:20:00+00:00,2026-07-14T08:44:00+00:00,18,2026-07-14T13:45:00+00:00,,25,24.0,,GEC8363,Lufthansa Cargo
2026-07-14T12:13:29.153823,BOM-FRA,2026-07-14,scheduled,2026-07-14T08:20:00+00:00,,,2026-07-14T13:45:00+00:00,,,,,LH8363,Lufthansa
2026-07-14T12:13:29.153844,BOM-FRA,2026-07-14,active,2026-07-14T02:40:00+00:00,2026-07-14T03:03:00+00:00,15,2026-07-14T08:05:00+00:00,,15,23.0,,LH757,Lufthansa
2026-07-14T12:13:29.153870,BOM-FRA,2026-07-14,active,2026-07-14T02:40:00+00:00,2026-07-14T03:03:00+00:00,14,2026-07-14T08:05:00+00:00,,24,23.0,,AZ4813,Alitalia
2026-07-14T12:13:29.153888,BOM-FRA,2026-07-14,active,2026-07-14T02:40:00+00:00,2026-07-14T03:03:00+00:00,14,2026-07-14T08:05:00+00:00,,24,23.0,,AI8757,Air India
2026-07-14T12:13:29.153906,BOM-FRA,2026-07-14,active,2026-07-14T02:40:00+00:00,2026-07-14T03:03:00+00:00,14,2026-07-14T08:05:00+00:00,,24,23.0,,AC9355,Air Canada
2026-07-14T12:13:29.153924,BOM-FRA,2026-07-13,landed,2026-07-13T11:40:00+00:00,2026-07-13T12:26:00+00:00,,2026-07-13T17:55:00+00:00,2026-07-13T17:43:00+00:00,,46.0,-12.0,LH7255,Lufthansa
2026-07-14T12:13:29.153947,BOM-FRA,2026-07-13,landed,2026-07-13T11:40:00+00:00,2026-07-13T12:26:00+00:00,,2026-07-13T17:55:00+00:00,2026-07-13T17:43:00+00:00,,46.0,-12.0,AI2027,Air India
2026-07-14T12:13:29.153968,BOM-FRA,2026-07-13,landed,2026-07-13T08:10:00+00:00,2026-07-13T08:22:00+00:00,5,2026-07-13T13:15:00+00:00,2026-07-13T13:20:00+00:00,5,12.0,5.0,D0627,DHL Air
2026-07-14T12:13:29.153990,BOM-FRA,2026-07-13,landed,2026-07-13T02:40:00+00:00,2026-07-13T03:01:00+00:00,5,2026-07-13T08:05:00+00:00,2026-07-13T08:10:00+00:00,5,21.0,5.0,LH757,Lufthansa
2026-07-14T12:13:29.154011,BOM-FRA,2026-07-13,landed,2026-07-13T02:40:00+00:00,2026-07-13T03:01:00+00:00,5,2026-07-13T08:05:00+00:00,2026-07-13T08:10:00+00:00,5,21.0,5.0,AI8757,Air India
2026-07-14T12:13:29.154032,BOM-FRA,2026-07-13,landed,2026-07-13T02:40:00+00:00,2026-07-13T03:01:00+00:00,5,2026-07-13T08:05:00+00:00,2026-07-13T08:10:00+00:00,5,21.0,5.0,AC9355,Air Canada
2026-07-14T12:13:29.730790,DEL-CDG,2026-07-14,active,2026-07-14T12:10:00+00:00,,,2026-07-14T19:15:00+00:00,,10,,,SQ4931,Singapore Airlines
2026-07-14T12:13:29.730825,DEL-CDG,2026-07-14,active,2026-07-14T09:38:00+00:00,2026-07-14T09:46:00+00:00,,2026-07-14T15:40:00+00:00,,8,8.0,,FX5279,FedEx
2026-07-14T12:13:29.730860,DEL-CDG,2026-07-14,active,2026-07-14T12:10:00+00:00,,,2026-07-14T19:15:00+00:00,,10,,,AI143,Air India
2026-07-14T12:13:29.730873,DEL-CDG,2026-07-14,landed,2026-07-14T00:50:00+00:00,2026-07-14T01:19:00+00:00,,2026-07-14T06:25:00+00:00,2026-07-14T06:13:00+00:00,,29.0,-12.0,KL2369,KLM
2026-07-14T12:13:29.730897,DEL-CDG,2026-07-14,landed,2026-07-14T00:50:00+00:00,2026-07-14T01:19:00+00:00,,2026-07-14T06:25:00+00:00,2026-07-14T06:13:00+00:00,,29.0,-12.0,DL8293,Delta Air Lines
2026-07-14T12:13:29.730918,DEL-CDG,2026-07-14,landed,2026-07-14T00:50:00+00:00,2026-07-14T01:19:00+00:00,,2026-07-14T06:25:00+00:00,2026-07-14T06:13:00+00:00,,29.0,-12.0,AF283,Air France
2026-07-14T12:13:29.730939,DEL-CDG,2026-07-13,landed,2026-07-13T12:10:00+00:00,2026-07-13T12:40:00+00:00,,2026-07-13T19:15:00+00:00,2026-07-13T18:46:00+00:00,,30.0,-29.0,SQ4931,Singapore Airlines
2026-07-14T12:13:29.730960,DEL-CDG,2026-07-13,landed,2026-07-13T12:10:00+00:00,2026-07-13T12:40:00+00:00,,2026-07-13T19:15:00+00:00,2026-07-13T18:46:00+00:00,,30.0,-29.0,AI143,Air India
2026-07-14T12:13:29.730981,DEL-CDG,2026-07-13,landed,2026-07-13T09:25:00+00:00,2026-07-13T09:32:00+00:00,,2026-07-13T15:25:00+00:00,2026-07-13T15:12:00+00:00,,7.0,-13.0,FX5272,FedEx
2026-07-14T12:13:29.731002,DEL-CDG,2026-07-13,landed,2026-07-13T00:50:00+00:00,2026-07-13T01:18:00+00:00,,2026-07-13T06:25:00+00:00,2026-07-13T06:17:00+00:00,,28.0,-8.0,KL2369,KLM
2026-07-14T12:13:29.731041,DEL-CDG,2026-07-13,landed,2026-07-13T00:50:00+00:00,2026-07-13T01:18:00+00:00,,2026-07-13T06:25:00+00:00,2026-07-13T06:17:00+00:00,,28.0,-8.0,DL8293,Delta Air Lines
2026-07-14T12:13:29.731059,DEL-CDG,2026-07-13,landed,2026-07-13T00:50:00+00:00,2026-07-13T01:18:00+00:00,,2026-07-13T06:25:00+00:00,2026-07-13T06:17:00+00:00,,28.0,-8.0,AF283,Air France
2026-07-14T12:13:30.275299,BLR-AMS,2026-07-14,active,2026-07-14T01:05:00+00:00,,,2026-07-14T07:55:00+00:00,,9,,,DL9478,Delta Air Lines
2026-07-14T12:13:30.275327,BLR-AMS,2026-07-14,active,2026-07-14T01:05:00+00:00,,,2026-07-14T07:55:00+00:00,,9,,,AF3126,Air France
2026-07-14T12:13:30.275339,BLR-AMS,2026-07-14,active,2026-07-14T01:05:00+00:00,2026-07-14T02:17:00+00:00,13,2026-07-14T07:55:00+00:00,,13,72.0,,KL880,KLM
2026-07-15T20:09:54.325513,BOM-FRA,2026-07-15,active,2026-07-15T11:40:00+00:00,2026-07-15T11:58:00+00:00,,2026-07-15T17:55:00+00:00,,18,18.0,,LH7255,Lufthansa
2026-07-15T20:09:54.325590,BOM-FRA,2026-07-15,active,2026-07-15T11:40:00+00:00,2026-07-15T11:58:00+00:00,,2026-07-15T17:55:00+00:00,,,18.0,,AI2027,Air India
2026-07-15T20:09:54.325605,BOM-FRA,2026-07-15,landed,2026-07-15T08:10:00+00:00,2026-07-15T09:02:00+00:00,18,2026-07-15T13:30:00+00:00,2026-07-15T13:48:00+00:00,18,52.0,18.0,D0623,DHL Air
2026-07-15T20:09:54.325617,BOM-FRA,2026-07-15,landed,2026-07-15T02:40:00+00:00,2026-07-15T03:17:00+00:00,17,2026-07-15T08:05:00+00:00,2026-07-15T08:22:00+00:00,17,37.0,17.0,AZ4813,Alitalia
2026-07-15T20:09:54.325627,BOM-FRA,2026-07-15,landed,2026-07-15T02:40:00+00:00,2026-07-15T03:17:00+00:00,17,2026-07-15T08:05:00+00:00,2026-07-15T08:22:00+00:00,17,37.0,17.0,AI8757,Air India
2026-07-15T20:09:54.325636,BOM-FRA,2026-07-15,landed,2026-07-15T02:40:00+00:00,2026-07-15T03:17:00+00:00,17,2026-07-15T08:05:00+00:00,2026-07-15T08:22:00+00:00,17,37.0,17.0,AC9355,Air Canada
2026-07-15T20:09:54.325645,BOM-FRA,2026-07-15,landed,2026-07-15T02:40:00+00:00,2026-07-15T03:17:00+00:00,17,2026-07-15T08:05:00+00:00,2026-07-15T08:22:00+00:00,17,37.0,17.0,LH757,Lufthansa
2026-07-15T20:09:54.325654,BOM-FRA,2026-07-14,landed,2026-07-14T08:20:00+00:00,2026-07-14T08:44:00+00:00,12,2026-07-14T13:45:00+00:00,2026-07-14T13:57:00+00:00,12,24.0,12.0,GEC8363,Lufthansa Cargo
2026-07-15T20:09:54.325662,BOM-FRA,2026-07-14,scheduled,2026-07-14T08:20:00+00:00,,,2026-07-14T13:45:00+00:00,,,,,LH8363,Lufthansa
2026-07-15T20:09:54.325669,BOM-FRA,2026-07-14,landed,2026-07-14T02:40:00+00:00,2026-07-14T03:03:00+00:00,20,2026-07-14T08:05:00+00:00,2026-07-14T08:25:00+00:00,20,23.0,20.0,LH757,Lufthansa
2026-07-15T20:09:54.325678,BOM-FRA,2026-07-14,landed,2026-07-14T02:40:00+00:00,2026-07-14T03:03:00+00:00,20,2026-07-14T08:05:00+00:00,2026-07-14T08:25:00+00:00,20,23.0,20.0,AZ4813,Alitalia
2026-07-15T20:09:54.325687,BOM-FRA,2026-07-14,landed,2026-07-14T02:40:00+00:00,2026-07-14T03:03:00+00:00,20,2026-07-14T08:05:00+00:00,2026-07-14T08:25:00+00:00,20,23.0,20.0,AI8757,Air India
2026-07-15T20:09:54.325695,BOM-FRA,2026-07-14,landed,2026-07-14T02:40:00+00:00,2026-07-14T03:03:00+00:00,20,2026-07-14T08:05:00+00:00,2026-07-14T08:25:00+00:00,20,23.0,20.0,AC9355,Air Canada
2026-07-15T20:09:54.940699,DEL-CDG,2026-07-16,scheduled,2026-07-16T00:50:00+00:00,,,2026-07-16T06:25:00+00:00,,,,,AF283,Air France
2026-07-15T20:09:54.940722,DEL-CDG,2026-07-15,active,2026-07-15T12:10:00+00:00,2026-07-15T12:45:00+00:00,70,2026-07-15T19:15:00+00:00,,36,35.0,,SQ4931,Singapore Airlines
2026-07-15T20:09:54.940745,DEL-CDG,2026-07-15,landed,2026-07-15T09:38:00+00:00,2026-07-15T09:54:00+00:00,,2026-07-15T15:40:00+00:00,2026-07-15T15:19:00+00:00,,16.0,-21.0,FX5279,FedEx
2026-07-15T20:09:54.940758,DEL-CDG,2026-07-15,active,2026-07-15T12:10:00+00:00,2026-07-15T12:45:00+00:00,,2026-07-15T19:15:00+00:00,,,35.0,,AI143,Air India
2026-07-15T20:09:54.940782,DEL-CDG,2026-07-15,landed,2026-07-15T00:50:00+00:00,2026-07-15T01:35:00+00:00,15,2026-07-15T06:25:00+00:00,2026-07-15T06:40:00+00:00,15,45.0,15.0,KL2369,KLM
2026-07-15T20:09:54.940793,DEL-CDG,2026-07-15,landed,2026-07-15T00:50:00+00:00,2026-07-15T01:35:00+00:00,15,2026-07-15T06:25:00+00:00,2026-07-15T06:40:00+00:00,15,45.0,15.0,DL8293,Delta Air Lines
2026-07-15T20:09:54.940802,DEL-CDG,2026-07-15,landed,2026-07-15T00:50:00+00:00,2026-07-15T01:35:00+00:00,15,2026-07-15T06:25:00+00:00,2026-07-15T06:40:00+00:00,15,45.0,15.0,AF283,Air France
2026-07-15T20:09:54.940811,DEL-CDG,2026-07-14,landed,2026-07-14T12:10:00+00:00,2026-07-14T12:27:00+00:00,,2026-07-14T19:15:00+00:00,2026-07-14T18:40:00+00:00,,17.0,-35.0,SQ4931,Singapore Airlines
2026-07-15T20:09:54.940821,DEL-CDG,2026-07-14,landed,2026-07-14T09:38:00+00:00,2026-07-14T09:46:00+00:00,,2026-07-14T15:40:00+00:00,2026-07-14T15:25:00+00:00,,8.0,-15.0,FX5279,FedEx
2026-07-15T20:09:54.940830,DEL-CDG,2026-07-14,landed,2026-07-14T12:10:00+00:00,2026-07-14T12:27:00+00:00,,2026-07-14T19:15:00+00:00,2026-07-14T18:40:00+00:00,,17.0,-35.0,AI143,Air India
2026-07-15T20:09:54.940838,DEL-CDG,2026-07-14,landed,2026-07-14T00:50:00+00:00,2026-07-14T01:19:00+00:00,,2026-07-14T06:25:00+00:00,2026-07-14T06:13:00+00:00,,29.0,-12.0,KL2369,KLM
2026-07-15T20:09:54.940847,DEL-CDG,2026-07-14,landed,2026-07-14T00:50:00+00:00,2026-07-14T01:19:00+00:00,,2026-07-14T06:25:00+00:00,2026-07-14T06:13:00+00:00,,29.0,-12.0,DL8293,Delta Air Lines
2026-07-15T20:09:54.940856,DEL-CDG,2026-07-14,landed,2026-07-14T00:50:00+00:00,2026-07-14T01:19:00+00:00,,2026-07-14T06:25:00+00:00,2026-07-14T06:13:00+00:00,,29.0,-12.0,AF283,Air France
2026-07-15T20:09:55.456360,BLR-AMS,2026-07-16,scheduled,2026-07-16T01:05:00+00:00,,,2026-07-16T07:55:00+00:00,,,,,KL880,KLM
2026-07-15T20:09:55.456381,BLR-AMS,2026-07-15,landed,2026-07-15T01:05:00+00:00,2026-07-15T01:21:00+00:00,,2026-07-15T07:55:00+00:00,2026-07-15T07:36:00+00:00,,16.0,-19.0,DL9478,Delta Air Lines
2026-07-15T20:09:55.456404,BLR-AMS,2026-07-15,landed,2026-07-15T01:05:00+00:00,2026-07-15T01:21:00+00:00,,2026-07-15T07:55:00+00:00,2026-07-15T07:36:00+00:00,,16.0,-19.0,AF3126,Air France
2026-07-15T20:09:55.456414,BLR-AMS,2026-07-15,landed,2026-07-15T01:05:00+00:00,2026-07-15T01:21:00+00:00,,2026-07-15T07:55:00+00:00,2026-07-15T07:36:00+00:00,,16.0,-19.0,KL880,KLM
2026-07-15T20:09:55.456423,BLR-AMS,2026-07-14,landed,2026-07-14T01:05:00+00:00,2026-07-14T02:17:00+00:00,11,2026-07-14T07:55:00+00:00,2026-07-14T08:06:00+00:00,11,72.0,11.0,DL9478,Delta Air Lines
2026-07-15T20:09:55.456432,BLR-AMS,2026-07-14,landed,2026-07-14T01:05:00+00:00,2026-07-14T02:17:00+00:00,11,2026-07-14T07:55:00+00:00,2026-07-14T08:06:00+00:00,11,72.0,11.0,AF3126,Air France
2026-07-15T20:09:55.456441,BLR-AMS,2026-07-14,landed,2026-07-14T01:05:00+00:00,2026-07-14T02:17:00+00:00,11,2026-07-14T07:55:00+00:00,2026-07-14T08:06:00+00:00,11,72.0,11.0,KL880,KLM
2026-07-16T10:46:15.046109,BOM-FRA,2026-07-16,scheduled,2026-07-16T11:40:00+00:00,,,2026-07-16T17:55:00+00:00,,10,,,LH7255,Lufthansa
2026-07-16T10:46:15.046203,BOM-FRA,2026-07-16,scheduled,2026-07-16T11:40:00+00:00,,,2026-07-16T17:55:00+00:00,,10,,,AI2027,Air India
2026-07-16T10:46:15.046223,BOM-FRA,2026-07-16,active,2026-07-16T02:40:00+00:00,2026-07-16T03:03:00+00:00,10,2026-07-16T08:05:00+00:00,,23,23.0,,AZ4813,Alitalia
2026-07-16T10:46:15.046265,BOM-FRA,2026-07-16,active,2026-07-16T02:40:00+00:00,2026-07-16T03:03:00+00:00,10,2026-07-16T08:05:00+00:00,,23,23.0,,AI8757,Air India
2026-07-16T10:46:15.046284,BOM-FRA,2026-07-16,active,2026-07-16T02:40:00+00:00,2026-07-16T03:03:00+00:00,10,2026-07-16T08:05:00+00:00,,23,23.0,,AC9355,Air Canada
2026-07-16T10:46:15.046298,BOM-FRA,2026-07-16,active,2026-07-16T02:40:00+00:00,2026-07-16T03:03:00+00:00,1,2026-07-16T08:05:00+00:00,,1,23.0,,LH757,Lufthansa
2026-07-16T10:46:15.046311,BOM-FRA,2026-07-15,landed,2026-07-15T11:40:00+00:00,2026-07-15T11:58:00+00:00,,2026-07-15T17:55:00+00:00,2026-07-15T17:12:00+00:00,,18.0,-43.0,LH7255,Lufthansa
2026-07-16T10:46:15.046331,BOM-FRA,2026-07-15,landed,2026-07-15T11:40:00+00:00,2026-07-15T11:58:00+00:00,,2026-07-15T17:55:00+00:00,2026-07-15T17:12:00+00:00,,18.0,-43.0,AI2027,Air India
2026-07-16T10:46:15.046348,BOM-FRA,2026-07-15,landed,2026-07-15T08:10:00+00:00,2026-07-15T09:02:00+00:00,18,2026-07-15T13:30:00+00:00,2026-07-15T13:48:00+00:00,18,52.0,18.0,D0623,DHL Air
2026-07-16T10:46:15.046365,BOM-FRA,2026-07-15,landed,2026-07-15T02:40:00+00:00,2026-07-15T03:17:00+00:00,17,2026-07-15T08:05:00+00:00,2026-07-15T08:22:00+00:00,17,37.0,17.0,AZ4813,Alitalia
2026-07-16T10:46:15.046382,BOM-FRA,2026-07-15,landed,2026-07-15T02:40:00+00:00,2026-07-15T03:17:00+00:00,17,2026-07-15T08:05:00+00:00,2026-07-15T08:22:00+00:00,17,37.0,17.0,AI8757,Air India
2026-07-16T10:46:15.046398,BOM-FRA,2026-07-15,landed,2026-07-15T02:40:00+00:00,2026-07-15T03:17:00+00:00,17,2026-07-15T08:05:00+00:00,2026-07-15T08:22:00+00:00,17,37.0,17.0,AC9355,Air Canada
2026-07-16T10:46:15.046415,BOM-FRA,2026-07-15,landed,2026-07-15T02:40:00+00:00,2026-07-15T03:17:00+00:00,17,2026-07-15T08:05:00+00:00,2026-07-15T08:22:00+00:00,17,37.0,17.0,LH757,Lufthansa
2026-07-16T10:46:15.589400,DEL-CDG,2026-07-16,active,2026-07-16T09:38:00+00:00,,,2026-07-16T15:12:00+00:00,,10,,,FX5279,FedEx
2026-07-16T10:46:15.589439,DEL-CDG,2026-07-16,scheduled,2026-07-16T12:10:00+00:00,,,2026-07-16T19:15:00+00:00,,10,,,AI143,Air India
2026-07-16T10:46:15.589453,DEL-CDG,2026-07-16,landed,2026-07-16T00:50:00+00:00,2026-07-16T01:17:00+00:00,,2026-07-16T06:25:00+00:00,2026-07-16T06:12:00+00:00,,27.0,-13.0,KL2369,KLM
2026-07-16T10:46:15.589489,DEL-CDG,2026-07-16,landed,2026-07-16T00:50:00+00:00,2026-07-16T01:17:00+00:00,,2026-07-16T06:25:00+00:00,2026-07-16T06:12:00+00:00,,27.0,-13.0,DL8293,Delta Air Lines
2026-07-16T10:46:15.589509,DEL-CDG,2026-07-16,active,2026-07-16T04:05:00+00:00,,,2026-07-16T10:05:00+00:00,,57,,,CX37,Cathay Pacific
2026-07-16T10:46:15.589522,DEL-CDG,2026-07-16,landed,2026-07-16T00:50:00+00:00,2026-07-16T01:17:00+00:00,,2026-07-16T06:25:00+00:00,2026-07-16T06:12:00+00:00,,27.0,-13.0,AF283,Air France
2026-07-16T10:46:15.589574,DEL-CDG,2026-07-15,landed,2026-07-15T12:10:00+00:00,2026-07-15T12:45:00+00:00,,2026-07-15T19:15:00+00:00,2026-07-15T19:09:00+00:00,,35.0,-6.0,SQ4931,Singapore Airlines
2026-07-16T10:46:15.589595,DEL-CDG,2026-07-15,landed,2026-07-15T09:38:00+00:00,2026-07-15T09:54:00+00:00,,2026-07-15T15:40:00+00:00,2026-07-15T15:19:00+00:00,,16.0,-21.0,FX5279,FedEx
2026-07-16T10:46:15.589615,DEL-CDG,2026-07-15,landed,2026-07-15T12:10:00+00:00,2026-07-15T12:45:00+00:00,,2026-07-15T19:15:00+00:00,2026-07-15T19:09:00+00:00,,35.0,-6.0,AI143,Air India
2026-07-16T10:46:15.589634,DEL-CDG,2026-07-15,landed,2026-07-15T00:50:00+00:00,2026-07-15T01:35:00+00:00,15,2026-07-15T06:25:00+00:00,2026-07-15T06:40:00+00:00,15,45.0,15.0,KL2369,KLM
2026-07-16T10:46:15.589653,DEL-CDG,2026-07-15,landed,2026-07-15T00:50:00+00:00,2026-07-15T01:35:00+00:00,15,2026-07-15T06:25:00+00:00,2026-07-15T06:40:00+00:00,15,45.0,15.0,DL8293,Delta Air Lines
2026-07-16T10:46:15.589672,DEL-CDG,2026-07-15,landed,2026-07-15T00:50:00+00:00,2026-07-15T01:35:00+00:00,15,2026-07-15T06:25:00+00:00,2026-07-15T06:40:00+00:00,15,45.0,15.0,AF283,Air France
2026-07-16T10:46:16.103586,BLR-AMS,2026-07-16,active,2026-07-16T10:10:00+00:00,,,2026-07-16T16:50:00+00:00,,1,,,SQ7352,Singapore Airlines
2026-07-16T10:46:16.103620,BLR-AMS,2026-07-16,active,2026-07-16T01:05:00+00:00,2026-07-16T01:25:00+00:00,,2026-07-16T07:55:00+00:00,,20,20.0,,DL9478,Delta Air Lines
2026-07-16T10:46:16.103646,BLR-AMS,2026-07-16,active,2026-07-16T01:05:00+00:00,2026-07-16T01:25:00+00:00,,2026-07-16T07:55:00+00:00,,20,20.0,,AF3126,Air France
2026-07-16T10:46:16.103657,BLR-AMS,2026-07-16,active,2026-07-16T01:05:00+00:00,2026-07-16T01:25:00+00:00,,2026-07-16T07:55:00+00:00,,,20.0,,KL880,KLM
2026-07-16T10:46:16.103666,BLR-AMS,2026-07-15,landed,2026-07-15T01:05:00+00:00,2026-07-15T01:21:00+00:00,,2026-07-15T07:55:00+00:00,2026-07-15T07:36:00+00:00,,16.0,-19.0,DL9478,Delta Air Lines
2026-07-16T10:46:16.103681,BLR-AMS,2026-07-15,landed,2026-07-15T01:05:00+00:00,2026-07-15T01:21:00+00:00,,2026-07-15T07:55:00+00:00,2026-07-15T07:36:00+00:00,,16.0,-19.0,AF3126,Air France
2026-07-16T10:46:16.103692,BLR-AMS,2026-07-15,landed,2026-07-15T01:05:00+00:00,2026-07-15T01:21:00+00:00,,2026-07-15T07:55:00+00:00,2026-07-15T07:36:00+00:00,,16.0,-19.0,KL880,KLM
2026-07-17T18:10:00.571950,BOM-FRA,2026-07-17,scheduled,2026-07-17T02:40:00+00:00,2026-07-17T04:01:00+00:00,42,2026-07-17T08:05:00+00:00,,42,81.0,,AZ4813,Alitalia
2026-07-17T18:10:00.572048,BOM-FRA,2026-07-17,scheduled,2026-07-17T02:40:00+00:00,2026-07-17T04:01:00+00:00,42,2026-07-17T08:05:00+00:00,,42,81.0,,AI8757,Air India
2026-07-17T18:10:00.572066,BOM-FRA,2026-07-17,scheduled,2026-07-17T02:40:00+00:00,2026-07-17T04:01:00+00:00,42,2026-07-17T08:05:00+00:00,,42,81.0,,AC9355,Air Canada
2026-07-17T18:10:00.572076,BOM-FRA,2026-07-17,scheduled,2026-07-17T02:40:00+00:00,2026-07-17T04:01:00+00:00,42,2026-07-17T08:05:00+00:00,,42,81.0,,LH757,Lufthansa
2026-07-17T18:10:00.572084,BOM-FRA,2026-07-16,landed,2026-07-16T11:40:00+00:00,2026-07-16T12:08:00+00:00,,2026-07-16T17:55:00+00:00,2026-07-16T17:31:00+00:00,,28.0,-24.0,LH7255,Lufthansa
2026-07-17T18:10:00.572096,BOM-FRA,2026-07-16,landed,2026-07-16T11:40:00+00:00,2026-07-16T12:08:00+00:00,,2026-07-16T17:55:00+00:00,2026-07-16T17:31:00+00:00,,28.0,-24.0,AI2027,Air India
2026-07-17T18:10:00.572105,BOM-FRA,2026-07-16,landed,2026-07-16T02:40:00+00:00,2026-07-16T03:03:00+00:00,,2026-07-16T08:05:00+00:00,2026-07-16T08:04:00+00:00,,23.0,-1.0,AZ4813,Alitalia
2026-07-17T18:10:00.572115,BOM-FRA,2026-07-16,landed,2026-07-16T02:40:00+00:00,2026-07-16T03:03:00+00:00,,2026-07-16T08:05:00+00:00,2026-07-16T08:04:00+00:00,,23.0,-1.0,AI8757,Air India
2026-07-17T18:10:00.572124,BOM-FRA,2026-07-16,landed,2026-07-16T02:40:00+00:00,2026-07-16T03:03:00+00:00,,2026-07-16T08:05:00+00:00,2026-07-16T08:04:00+00:00,,23.0,-1.0,AC9355,Air Canada
2026-07-17T18:10:00.572133,BOM-FRA,2026-07-16,landed,2026-07-16T02:40:00+00:00,2026-07-16T03:03:00+00:00,,2026-07-16T08:05:00+00:00,2026-07-16T08:04:00+00:00,,23.0,-1.0,LH757,Lufthansa
2026-07-17T18:10:22.200849,DEL-CDG,2026-07-17,active,2026-07-17T12:10:00+00:00,2026-07-17T12:26:00+00:00,,2026-07-17T19:15:00+00:00,,16,16.0,,SQ4931,Singapore Airlines
2026-07-17T18:10:22.200899,DEL-CDG,2026-07-17,active,2026-07-17T09:38:00+00:00,2026-07-17T09:51:00+00:00,,2026-07-17T15:40:00+00:00,,,13.0,,FX5279,FedEx
2026-07-17T18:10:22.200910,DEL-CDG,2026-07-17,active,2026-07-17T12:10:00+00:00,2026-07-17T12:26:00+00:00,,2026-07-17T19:15:00+00:00,,16,16.0,,AI143,Air India
2026-07-17T18:10:22.200919,DEL-CDG,2026-07-17,landed,2026-07-17T00:50:00+00:00,2026-07-17T01:23:00+00:00,,2026-07-17T06:25:00+00:00,2026-07-17T06:15:00+00:00,,33.0,-10.0,AF283,Air France
2026-07-17T18:10:22.200931,DEL-CDG,2026-07-17,landed,2026-07-17T00:50:00+00:00,2026-07-17T01:23:00+00:00,,2026-07-17T06:25:00+00:00,2026-07-17T06:15:00+00:00,,33.0,-10.0,KL2369,KLM
2026-07-17T18:10:22.200941,DEL-CDG,2026-07-17,landed,2026-07-17T00:50:00+00:00,2026-07-17T01:23:00+00:00,,2026-07-17T06:25:00+00:00,2026-07-17T06:15:00+00:00,,33.0,-10.0,DL8293,Delta Air Lines
2026-07-17T18:10:22.200952,DEL-CDG,2026-07-16,landed,2026-07-16T12:10:00+00:00,2026-07-16T12:37:00+00:00,,2026-07-16T19:15:00+00:00,2026-07-16T18:58:00+00:00,,27.0,-17.0,SQ4931,Singapore Airlines
2026-07-17T18:10:22.200962,DEL-CDG,2026-07-16,landed,2026-07-16T09:38:00+00:00,2026-07-16T10:27:00+00:00,15,2026-07-16T15:40:00+00:00,2026-07-16T15:55:00+00:00,15,49.0,15.0,FX5279,FedEx
2026-07-17T18:10:22.200972,DEL-CDG,2026-07-16,landed,2026-07-16T12:10:00+00:00,2026-07-16T12:37:00+00:00,,2026-07-16T19:15:00+00:00,2026-07-16T18:58:00+00:00,,27.0,-17.0,AI143,Air India
2026-07-17T18:10:22.200982,DEL-CDG,2026-07-16,landed,2026-07-16T00:50:00+00:00,2026-07-16T01:17:00+00:00,,2026-07-16T06:25:00+00:00,2026-07-16T06:12:00+00:00,,27.0,-13.0,KL2369,KLM
2026-07-17T18:10:22.200991,DEL-CDG,2026-07-16,landed,2026-07-16T00:50:00+00:00,2026-07-16T01:17:00+00:00,,2026-07-16T06:25:00+00:00,2026-07-16T06:12:00+00:00,,27.0,-13.0,DL8293,Delta Air Lines
2026-07-17T18:10:22.201001,DEL-CDG,2026-07-16,landed,2026-07-16T04:05:00+00:00,2026-07-16T05:05:00+00:00,23,2026-07-16T10:05:00+00:00,2026-07-16T10:28:00+00:00,23,60.0,23.0,CX37,Cathay Pacific
2026-07-17T18:10:22.201011,DEL-CDG,2026-07-16,landed,2026-07-16T00:50:00+00:00,2026-07-16T01:17:00+00:00,,2026-07-16T06:25:00+00:00,2026-07-16T06:12:00+00:00,,27.0,-13.0,AF283,Air France
2026-07-17T18:10:43.803376,BLR-AMS,2026-07-17,landed,2026-07-17T01:05:00+00:00,2026-07-17T01:18:00+00:00,,2026-07-17T07:55:00+00:00,2026-07-17T07:27:00+00:00,,13.0,-28.0,DL9478,Delta Air Lines
2026-07-17T18:10:43.803411,BLR-AMS,2026-07-17,landed,2026-07-17T01:05:00+00:00,2026-07-17T01:18:00+00:00,,2026-07-17T07:55:00+00:00,2026-07-17T07:27:00+00:00,,13.0,-28.0,AF3126,Air France
2026-07-17T18:10:43.803421,BLR-AMS,2026-07-17,landed,2026-07-17T01:05:00+00:00,2026-07-17T01:18:00+00:00,,2026-07-17T07:55:00+00:00,2026-07-17T07:27:00+00:00,,13.0,-28.0,KL880,KLM
2026-07-17T18:10:43.803431,BLR-AMS,2026-07-16,landed,2026-07-16T10:10:00+00:00,2026-07-16T10:28:00+00:00,,2026-07-16T16:50:00+00:00,2026-07-16T16:39:00+00:00,,18.0,-11.0,SQ7352,Singapore Airlines
2026-07-17T18:10:43.803441,BLR-AMS,2026-07-16,landed,2026-07-16T01:05:00+00:00,2026-07-16T01:25:00+00:00,,2026-07-16T07:55:00+00:00,2026-07-16T07:29:00+00:00,,20.0,-26.0,DL9478,Delta Air Lines
2026-07-17T18:10:43.803450,BLR-AMS,2026-07-16,landed,2026-07-16T01:05:00+00:00,2026-07-16T01:25:00+00:00,,2026-07-16T07:55:00+00:00,2026-07-16T07:29:00+00:00,,20.0,-26.0,AF3126,Air France
2026-07-17T18:10:43.803458,BLR-AMS,2026-07-16,landed,2026-07-16T01:05:00+00:00,2026-07-16T01:25:00+00:00,,2026-07-16T07:55:00+00:00,2026-07-16T07:29:00+00:00,,20.0,-26.0,KL880,KLM
2026-07-18T13:32:49.264135,BOM-FRA,2026-07-18,active,2026-07-18T11:40:00+00:00,2026-07-18T11:56:00+00:00,,2026-07-18T17:55:00+00:00,,17,16.0,,LH7255,Lufthansa
2026-07-18T13:32:49.264271,BOM-FRA,2026-07-18,active,2026-07-18T11:40:00+00:00,2026-07-18T11:56:00+00:00,,2026-07-18T17:55:00+00:00,,17,16.0,,AI2027,Air India
2026-07-18T13:32:49.264303,BOM-FRA,2026-07-18,landed,2026-07-18T02:40:00+00:00,2026-07-18T03:34:00+00:00,36,2026-07-18T08:05:00+00:00,2026-07-18T08:41:00+00:00,36,54.0,36.0,AZ4813,Alitalia
2026-07-18T13:32:49.264328,BOM-FRA,2026-07-18,landed,2026-07-18T02:40:00+00:00,2026-07-18T03:34:00+00:00,36,2026-07-18T08:05:00+00:00,2026-07-18T08:41:00+00:00,36,54.0,36.0,AI8757,Air India
2026-07-18T13:32:49.264348,BOM-FRA,2026-07-18,landed,2026-07-18T02:40:00+00:00,2026-07-18T03:34:00+00:00,36,2026-07-18T08:05:00+00:00,2026-07-18T08:41:00+00:00,36,54.0,36.0,AC9355,Air Canada
2026-07-18T13:32:49.264366,BOM-FRA,2026-07-18,landed,2026-07-18T02:40:00+00:00,2026-07-18T03:34:00+00:00,36,2026-07-18T08:05:00+00:00,2026-07-18T08:41:00+00:00,36,54.0,36.0,LH757,Lufthansa
2026-07-18T13:32:49.264383,BOM-FRA,2026-07-17,scheduled,2026-07-17T02:40:00+00:00,2026-07-17T04:01:00+00:00,42,2026-07-17T08:05:00+00:00,,42,81.0,,AZ4813,Alitalia
2026-07-18T13:32:49.264398,BOM-FRA,2026-07-17,scheduled,2026-07-17T02:40:00+00:00,2026-07-17T04:01:00+00:00,42,2026-07-17T08:05:00+00:00,,42,81.0,,AI8757,Air India
2026-07-18T13:32:49.264413,BOM-FRA,2026-07-17,scheduled,2026-07-17T02:40:00+00:00,2026-07-17T04:01:00+00:00,42,2026-07-17T08:05:00+00:00,,42,81.0,,AC9355,Air Canada
2026-07-18T13:32:49.264430,BOM-FRA,2026-07-17,scheduled,2026-07-17T02:40:00+00:00,2026-07-17T04:01:00+00:00,42,2026-07-17T08:05:00+00:00,,42,81.0,,LH757,Lufthansa
2026-07-18T13:32:49.773248,DEL-CDG,2026-07-18,active,2026-07-18T12:10:00+00:00,,,2026-07-18T19:15:00+00:00,,51,,,SQ4931,Singapore Airlines
2026-07-18T13:32:49.773293,DEL-CDG,2026-07-18,active,2026-07-18T09:38:00+00:00,2026-07-18T09:53:00+00:00,,2026-07-18T15:40:00+00:00,,15,15.0,,FX5279,FedEx
2026-07-18T13:32:49.773330,DEL-CDG,2026-07-18,active,2026-07-18T12:10:00+00:00,,,2026-07-18T19:15:00+00:00,,51,,,AI143,Air India
2026-07-18T13:32:49.773343,DEL-CDG,2026-07-18,scheduled,2026-07-18T00:50:00+00:00,2026-07-18T02:15:00+00:00,53,2026-07-18T06:25:00+00:00,,52,85.0,,KL2369,KLM
2026-07-18T13:32:49.773362,DEL-CDG,2026-07-18,scheduled,2026-07-18T00:50:00+00:00,2026-07-18T02:15:00+00:00,53,2026-07-18T06:25:00+00:00,,52,85.0,,DL8293,Delta Air Lines
2026-07-18T13:32:49.773379,DEL-CDG,2026-07-18,scheduled,2026-07-18T00:50:00+00:00,2026-07-18T02:15:00+00:00,53,2026-07-18T06:25:00+00:00,,52,85.0,,AF283,Air France
2026-07-18T13:32:49.773396,DEL-CDG,2026-07-17,landed,2026-07-17T12:10:00+00:00,2026-07-17T12:26:00+00:00,,2026-07-17T19:15:00+00:00,2026-07-17T18:42:00+00:00,,16.0,-33.0,SQ4931,Singapore Airlines
2026-07-18T13:32:49.773419,DEL-CDG,2026-07-17,landed,2026-07-17T09:38:00+00:00,2026-07-17T09:51:00+00:00,,2026-07-17T15:40:00+00:00,2026-07-17T15:10:00+00:00,,13.0,-30.0,FX5279,FedEx
2026-07-18T13:32:49.773440,DEL-CDG,2026-07-17,landed,2026-07-17T12:10:00+00:00,2026-07-17T12:26:00+00:00,,2026-07-17T19:15:00+00:00,2026-07-17T18:42:00+00:00,,16.0,-33.0,AI143,Air India
2026-07-18T13:32:49.773460,DEL-CDG,2026-07-17,landed,2026-07-17T00:50:00+00:00,2026-07-17T01:23:00+00:00,,2026-07-17T06:25:00+00:00,2026-07-17T06:15:00+00:00,,33.0,-10.0,AF283,Air France
2026-07-18T13:32:49.773478,DEL-CDG,2026-07-17,landed,2026-07-17T00:50:00+00:00,2026-07-17T01:23:00+00:00,,2026-07-17T06:25:00+00:00,2026-07-17T06:15:00+00:00,,33.0,-10.0,KL2369,KLM
2026-07-18T13:32:49.773497,DEL-CDG,2026-07-17,landed,2026-07-17T00:50:00+00:00,2026-07-17T01:23:00+00:00,,2026-07-17T06:25:00+00:00,2026-07-17T06:15:00+00:00,,33.0,-10.0,DL8293,Delta Air Lines
2026-07-18T13:32:50.218451,BLR-AMS,2026-07-18,active,2026-07-18T09:35:00+00:00,2026-07-18T09:49:00+00:00,,2026-07-18T16:15:00+00:00,,14,14.0,,SQ7352,Singapore Airlines
2026-07-18T13:32:50.218510,BLR-AMS,2026-07-17,landed,2026-07-17T01:05:00+00:00,2026-07-17T01:18:00+00:00,,2026-07-17T07:55:00+00:00,2026-07-17T07:27:00+00:00,,13.0,-28.0,DL9478,Delta Air Lines
2026-07-18T13:32:50.218532,BLR-AMS,2026-07-17,landed,2026-07-17T01:05:00+00:00,2026-07-17T01:18:00+00:00,,2026-07-17T07:55:00+00:00,2026-07-17T07:27:00+00:00,,13.0,-28.0,AF3126,Air France
2026-07-18T13:32:50.218550,BLR-AMS,2026-07-17,landed,2026-07-17T01:05:00+00:00,2026-07-17T01:18:00+00:00,,2026-07-17T07:55:00+00:00,2026-07-17T07:27:00+00:00,,13.0,-28.0,KL880,KLM
2026-07-19T12:51:41.695616,BOM-FRA,2026-07-19,active,2026-07-19T11:40:00+00:00,,,2026-07-19T17:55:00+00:00,,,,,LH7255,Lufthansa
2026-07-19T12:51:41.695714,BOM-FRA,2026-07-19,active,2026-07-19T11:40:00+00:00,,,2026-07-19T17:55:00+00:00,,,,,AI2027,Air India
2026-07-19T12:51:41.695733,BOM-FRA,2026-07-19,active,2026-07-19T08:10:00+00:00,2026-07-19T08:47:00+00:00,9,2026-07-19T13:30:00+00:00,,37,37.0,,3S623,AeroLogic
2026-07-19T12:51:41.695774,BOM-FRA,2026-07-19,active,2026-07-19T02:40:00+00:00,2026-07-19T03:07:00+00:00,14,2026-07-19T08:05:00+00:00,,27,27.0,,AZ4813,Alitalia
2026-07-19T12:51:41.695793,BOM-FRA,2026-07-19,active,2026-07-19T02:40:00+00:00,2026-07-19T03:07:00+00:00,14,2026-07-19T08:05:00+00:00,,27,27.0,,AI8757,Air India
2026-07-19T12:51:41.695807,BOM-FRA,2026-07-19,active,2026-07-19T02:40:00+00:00,2026-07-19T03:07:00+00:00,14,2026-07-19T08:05:00+00:00,,27,27.0,,AC9355,Air Canada
2026-07-19T12:51:41.695820,BOM-FRA,2026-07-19,active,2026-07-19T02:40:00+00:00,2026-07-19T03:07:00+00:00,10,2026-07-19T08:05:00+00:00,,10,27.0,,LH757,Lufthansa
2026-07-19T12:51:41.695833,BOM-FRA,2026-07-18,landed,2026-07-18T11:40:00+00:00,2026-07-18T11:56:00+00:00,,2026-07-18T17:55:00+00:00,2026-07-18T17:03:00+00:00,,16.0,-52.0,LH7255,Lufthansa
2026-07-19T12:51:41.695852,BOM-FRA,2026-07-18,landed,2026-07-18T11:40:00+00:00,2026-07-18T11:56:00+00:00,,2026-07-18T17:55:00+00:00,2026-07-18T17:03:00+00:00,,16.0,-52.0,AI2027,Air India
2026-07-19T12:51:41.695867,BOM-FRA,2026-07-18,landed,2026-07-18T02:40:00+00:00,2026-07-18T03:34:00+00:00,36,2026-07-18T08:05:00+00:00,2026-07-18T08:41:00+00:00,36,54.0,36.0,AZ4813,Alitalia
2026-07-19T12:51:41.695883,BOM-FRA,2026-07-18,landed,2026-07-18T02:40:00+00:00,2026-07-18T03:34:00+00:00,36,2026-07-18T08:05:00+00:00,2026-07-18T08:41:00+00:00,36,54.0,36.0,AI8757,Air India
2026-07-19T12:51:41.695908,BOM-FRA,2026-07-18,landed,2026-07-18T02:40:00+00:00,2026-07-18T03:34:00+00:00,36,2026-07-18T08:05:00+00:00,2026-07-18T08:41:00+00:00,36,54.0,36.0,AC9355,Air Canada
2026-07-19T12:51:41.695923,BOM-FRA,2026-07-18,landed,2026-07-18T02:40:00+00:00,2026-07-18T03:34:00+00:00,36,2026-07-18T08:05:00+00:00,2026-07-18T08:41:00+00:00,36,54.0,36.0,LH757,Lufthansa
2026-07-19T12:51:42.831861,DEL-CDG,2026-07-19,active,2026-07-19T12:10:00+00:00,,,2026-07-19T19:15:00+00:00,,,,,SQ4931,Singapore Airlines
2026-07-19T12:51:42.831901,DEL-CDG,2026-07-19,active,2026-07-19T12:10:00+00:00,,,2026-07-19T19:15:00+00:00,,,,,AI143,Air India
2026-07-19T12:51:42.831911,DEL-CDG,2026-07-19,landed,2026-07-19T00:50:00+00:00,2026-07-19T01:13:00+00:00,,2026-07-19T06:25:00+00:00,2026-07-19T06:04:00+00:00,,23.0,-21.0,KL2369,KLM
2026-07-19T12:51:42.831942,DEL-CDG,2026-07-19,landed,2026-07-19T00:50:00+00:00,2026-07-19T01:13:00+00:00,,2026-07-19T06:25:00+00:00,2026-07-19T06:04:00+00:00,,23.0,-21.0,DL8293,Delta Air Lines
2026-07-19T12:51:42.831957,DEL-CDG,2026-07-19,landed,2026-07-19T00:50:00+00:00,2026-07-19T01:13:00+00:00,,2026-07-19T06:25:00+00:00,2026-07-19T06:04:00+00:00,,23.0,-21.0,AF283,Air France
2026-07-19T12:51:42.832079,DEL-CDG,2026-07-18,landed,2026-07-18T12:10:00+00:00,2026-07-18T13:24:00+00:00,6,2026-07-18T19:15:00+00:00,2026-07-18T19:21:00+00:00,6,74.0,6.0,SQ4931,Singapore Airlines
2026-07-19T12:51:42.832101,DEL-CDG,2026-07-18,landed,2026-07-18T09:38:00+00:00,2026-07-18T09:53:00+00:00,,2026-07-18T15:40:00+00:00,2026-07-18T15:15:00+00:00,,15.0,-25.0,FX5279,FedEx
2026-07-19T12:51:42.832121,DEL-CDG,2026-07-18,landed,2026-07-18T12:10:00+00:00,2026-07-18T13:24:00+00:00,6,2026-07-18T19:15:00+00:00,2026-07-18T19:21:00+00:00,6,74.0,6.0,AI143,Air India
2026-07-19T12:51:42.832134,DEL-CDG,2026-07-18,scheduled,2026-07-18T00:50:00+00:00,2026-07-18T02:15:00+00:00,53,2026-07-18T06:25:00+00:00,,52,85.0,,KL2369,KLM
2026-07-19T12:51:42.832147,DEL-CDG,2026-07-18,scheduled,2026-07-18T00:50:00+00:00,2026-07-18T02:15:00+00:00,53,2026-07-18T06:25:00+00:00,,52,85.0,,DL8293,Delta Air Lines
2026-07-19T12:51:42.832158,DEL-CDG,2026-07-18,scheduled,2026-07-18T00:50:00+00:00,2026-07-18T02:15:00+00:00,53,2026-07-18T06:25:00+00:00,,52,85.0,,AF283,Air France
2026-07-19T12:51:43.975927,BLR-AMS,2026-07-19,active,2026-07-19T01:05:00+00:00,2026-07-19T01:35:00+00:00,,2026-07-19T07:55:00+00:00,,30,30.0,,DL9478,Delta Air Lines
2026-07-19T12:51:43.975977,BLR-AMS,2026-07-19,active,2026-07-19T01:05:00+00:00,2026-07-19T01:35:00+00:00,,2026-07-19T07:55:00+00:00,,30,30.0,,AF3126,Air France
2026-07-19T12:51:43.975991,BLR-AMS,2026-07-19,active,2026-07-19T01:05:00+00:00,2026-07-19T01:35:00+00:00,,2026-07-19T07:55:00+00:00,,,30.0,,KL880,KLM
2026-07-19T12:51:43.976003,BLR-AMS,2026-07-18,landed,2026-07-18T09:35:00+00:00,2026-07-18T09:49:00+00:00,,2026-07-18T16:15:00+00:00,2026-07-18T15:48:00+00:00,,14.0,-27.0,SQ7352,Singapore Airlines
2026-07-20T12:02:47.453004,BOM-FRA,2026-07-20,active,2026-07-20T11:40:00+00:00,,,2026-07-20T17:55:00+00:00,,10,,,LH7255,Lufthansa
2026-07-20T12:02:47.453111,BOM-FRA,2026-07-20,active,2026-07-20T08:10:00+00:00,2026-07-20T08:46:00+00:00,22,2026-07-20T13:15:00+00:00,,37,36.0,,D0627,DHL Air
2026-07-20T12:02:47.453510,BOM-FRA,2026-07-20,active,2026-07-20T11:40:00+00:00,,,2026-07-20T17:55:00+00:00,,10,,,AI2027,Air India
2026-07-20T12:02:47.453539,BOM-FRA,2026-07-20,active,2026-07-20T02:40:00+00:00,2026-07-20T02:59:00+00:00,6,2026-07-20T08:05:00+00:00,,19,19.0,,AI8757,Air India
2026-07-20T12:02:47.453572,BOM-FRA,2026-07-20,active,2026-07-20T02:40:00+00:00,2026-07-20T02:59:00+00:00,6,2026-07-20T08:05:00+00:00,,19,19.0,,AC9355,Air Canada
2026-07-20T12:02:47.453597,BOM-FRA,2026-07-20,active,2026-07-20T02:40:00+00:00,2026-07-20T02:59:00+00:00,1,2026-07-20T08:05:00+00:00,,1,19.0,,LH757,Lufthansa
2026-07-20T12:02:47.453620,BOM-FRA,2026-07-19,landed,2026-07-19T11:40:00+00:00,2026-07-19T12:06:00+00:00,,2026-07-19T17:55:00+00:00,2026-07-19T17:07:00+00:00,,26.0,-48.0,LH7255,Lufthansa
2026-07-20T12:02:47.453651,BOM-FRA,2026-07-19,landed,2026-07-19T11:40:00+00:00,2026-07-19T12:06:00+00:00,,2026-07-19T17:55:00+00:00,2026-07-19T17:07:00+00:00,,26.0,-48.0,AI2027,Air India
2026-07-20T12:02:47.453679,BOM-FRA,2026-07-19,landed,2026-07-19T08:10:00+00:00,2026-07-19T08:47:00+00:00,2,2026-07-19T13:30:00+00:00,2026-07-19T13:32:00+00:00,2,37.0,2.0,3S623,AeroLogic
2026-07-20T12:02:47.453707,BOM-FRA,2026-07-19,landed,2026-07-19T02:40:00+00:00,2026-07-19T03:07:00+00:00,1,2026-07-19T08:05:00+00:00,2026-07-19T08:06:00+00:00,1,27.0,1.0,AZ4813,Alitalia
2026-07-20T12:02:47.453735,BOM-FRA,2026-07-19,landed,2026-07-19T02:40:00+00:00,2026-07-19T03:07:00+00:00,1,2026-07-19T08:05:00+00:00,2026-07-19T08:06:00+00:00,1,27.0,1.0,AI8757,Air India
2026-07-20T12:02:47.453762,BOM-FRA,2026-07-19,landed,2026-07-19T02:40:00+00:00,2026-07-19T03:07:00+00:00,1,2026-07-19T08:05:00+00:00,2026-07-19T08:06:00+00:00,1,27.0,1.0,AC9355,Air Canada
2026-07-20T12:02:47.453788,BOM-FRA,2026-07-19,landed,2026-07-19T02:40:00+00:00,2026-07-19T03:07:00+00:00,1,2026-07-19T08:05:00+00:00,2026-07-19T08:06:00+00:00,1,27.0,1.0,LH757,Lufthansa
2026-07-20T12:02:47.982304,DEL-CDG,2026-07-20,active,2026-07-20T12:10:00+00:00,,,2026-07-20T19:15:00+00:00,,10,,,SQ4931,Singapore Airlines
2026-07-20T12:02:47.982323,DEL-CDG,2026-07-20,active,2026-07-20T09:25:00+00:00,2026-07-20T09:53:00+00:00,,2026-07-20T15:25:00+00:00,,29,28.0,,FX5272,FedEx
2026-07-20T12:02:47.982341,DEL-CDG,2026-07-20,active,2026-07-20T12:10:00+00:00,,,2026-07-20T19:15:00+00:00,,10,,,AI143,Air India
2026-07-20T12:02:47.982347,DEL-CDG,2026-07-20,landed,2026-07-20T00:50:00+00:00,2026-07-20T01:17:00+00:00,,2026-07-20T06:25:00+00:00,2026-07-20T06:19:00+00:00,,27.0,-6.0,KL2369,KLM
2026-07-20T12:02:47.982358,DEL-CDG,2026-07-20,landed,2026-07-20T00:50:00+00:00,2026-07-20T01:17:00+00:00,,2026-07-20T06:25:00+00:00,2026-07-20T06:19:00+00:00,,27.0,-6.0,DL8293,Delta Air Lines
2026-07-20T12:02:47.982367,DEL-CDG,2026-07-20,landed,2026-07-20T00:50:00+00:00,2026-07-20T01:17:00+00:00,,2026-07-20T06:25:00+00:00,2026-07-20T06:19:00+00:00,,27.0,-6.0,AF283,Air France
2026-07-20T12:02:47.982375,DEL-CDG,2026-07-19,landed,2026-07-19T12:10:00+00:00,2026-07-19T12:44:00+00:00,,2026-07-19T19:15:00+00:00,2026-07-19T18:47:00+00:00,,34.0,-28.0,SQ4931,Singapore Airlines
2026-07-20T12:02:47.982385,DEL-CDG,2026-07-19,landed,2026-07-19T12:10:00+00:00,2026-07-19T12:44:00+00:00,,2026-07-19T19:15:00+00:00,2026-07-19T18:47:00+00:00,,34.0,-28.0,AI143,Air India
2026-07-20T12:02:47.982394,DEL-CDG,2026-07-19,landed,2026-07-19T00:50:00+00:00,2026-07-19T01:13:00+00:00,,2026-07-19T06:25:00+00:00,2026-07-19T06:04:00+00:00,,23.0,-21.0,KL2369,KLM
2026-07-20T12:02:47.982403,DEL-CDG,2026-07-19,landed,2026-07-19T00:50:00+00:00,2026-07-19T01:13:00+00:00,,2026-07-19T06:25:00+00:00,2026-07-19T06:04:00+00:00,,23.0,-21.0,DL8293,Delta Air Lines
2026-07-20T12:02:47.982411,DEL-CDG,2026-07-19,landed,2026-07-19T00:50:00+00:00,2026-07-19T01:13:00+00:00,,2026-07-19T06:25:00+00:00,2026-07-19T06:04:00+00:00,,23.0,-21.0,AF283,Air France
2026-07-20T12:02:48.731822,BLR-AMS,2026-07-19,landed,2026-07-19T01:05:00+00:00,2026-07-19T01:35:00+00:00,,2026-07-19T07:55:00+00:00,2026-07-19T07:44:00+00:00,,30.0,-11.0,DL9478,Delta Air Lines
2026-07-20T12:02:48.731892,BLR-AMS,2026-07-19,landed,2026-07-19T01:05:00+00:00,2026-07-19T01:35:00+00:00,,2026-07-19T07:55:00+00:00,2026-07-19T07:44:00+00:00,,30.0,-11.0,AF3126,Air France
2026-07-20T12:02:48.731915,BLR-AMS,2026-07-19,landed,2026-07-19T01:05:00+00:00,2026-07-19T01:35:00+00:00,,2026-07-19T07:55:00+00:00,2026-07-19T07:44:00+00:00,,30.0,-11.0,KL880,KLM
2026-07-21T10:40:41.346204,BOM-FRA,2026-07-21,active,2026-07-21T08:20:00+00:00,,,2026-07-21T13:45:00+00:00,,22,,,GEC8363,Lufthansa Cargo
2026-07-21T10:40:41.346304,BOM-FRA,2026-07-21,scheduled,2026-07-21T08:20:00+00:00,,,2026-07-21T13:45:00+00:00,,,,,LH8363,Lufthansa
2026-07-21T10:40:41.346325,BOM-FRA,2026-07-21,active,2026-07-21T02:40:00+00:00,2026-07-21T03:02:00+00:00,8,2026-07-21T08:05:00+00:00,,23,22.0,,AZ4813,Alitalia
2026-07-21T10:40:41.346373,BOM-FRA,2026-07-21,active,2026-07-21T02:40:00+00:00,2026-07-21T03:02:00+00:00,8,2026-07-21T08:05:00+00:00,,23,22.0,,AI8757,Air India
2026-07-21T10:40:41.346394,BOM-FRA,2026-07-21,active,2026-07-21T02:40:00+00:00,2026-07-21T03:02:00+00:00,8,2026-07-21T08:05:00+00:00,,23,22.0,,AC9355,Air Canada
2026-07-21T10:40:41.346411,BOM-FRA,2026-07-21,active,2026-07-21T02:40:00+00:00,2026-07-21T03:02:00+00:00,8,2026-07-21T08:05:00+00:00,,23,22.0,,LH757,Lufthansa
2026-07-21T10:40:41.346428,BOM-FRA,2026-07-20,landed,2026-07-20T11:40:00+00:00,2026-07-20T12:05:00+00:00,,2026-07-20T17:55:00+00:00,2026-07-20T17:12:00+00:00,,25.0,-43.0,LH7255,Lufthansa
2026-07-21T10:40:41.346451,BOM-FRA,2026-07-20,landed,2026-07-20T08:10:00+00:00,2026-07-20T08:46:00+00:00,18,2026-07-20T13:15:00+00:00,2026-07-20T13:33:00+00:00,18,36.0,18.0,D0627,DHL Air
2026-07-21T10:40:41.346471,BOM-FRA,2026-07-20,landed,2026-07-20T11:40:00+00:00,2026-07-20T12:05:00+00:00,,2026-07-20T17:55:00+00:00,2026-07-20T17:12:00+00:00,,25.0,-43.0,AI2027,Air India
2026-07-21T10:40:41.346490,BOM-FRA,2026-07-20,landed,2026-07-20T02:40:00+00:00,2026-07-20T02:59:00+00:00,1,2026-07-20T08:05:00+00:00,2026-07-20T08:06:00+00:00,1,19.0,1.0,AI8757,Air India
2026-07-21T10:40:41.346510,BOM-FRA,2026-07-20,landed,2026-07-20T02:40:00+00:00,2026-07-20T02:59:00+00:00,1,2026-07-20T08:05:00+00:00,2026-07-20T08:06:00+00:00,1,19.0,1.0,AC9355,Air Canada
2026-07-21T10:40:41.346529,BOM-FRA,2026-07-20,landed,2026-07-20T02:40:00+00:00,2026-07-20T02:59:00+00:00,1,2026-07-20T08:05:00+00:00,2026-07-20T08:06:00+00:00,1,19.0,1.0,LH757,Lufthansa
2026-07-21T10:40:42.121344,DEL-CDG,2026-07-21,active,2026-07-21T09:38:00+00:00,,,2026-07-21T16:22:00+00:00,,,,,FX5279,FedEx
2026-07-21T10:40:42.121391,DEL-CDG,2026-07-21,scheduled,2026-07-21T12:10:00+00:00,,,2026-07-21T19:15:00+00:00,,10,,,AI143,Air India
2026-07-21T10:40:42.121406,DEL-CDG,2026-07-21,landed,2026-07-21T00:50:00+00:00,2026-07-21T01:20:00+00:00,1,2026-07-21T06:25:00+00:00,2026-07-21T06:26:00+00:00,1,30.0,1.0,KL2369,KLM
2026-07-21T10:40:42.121447,DEL-CDG,2026-07-21,landed,2026-07-21T00:50:00+00:00,2026-07-21T01:20:00+00:00,1,2026-07-21T06:25:00+00:00,2026-07-21T06:26:00+00:00,1,30.0,1.0,DL8293,Delta Air Lines
2026-07-21T10:40:42.121467,DEL-CDG,2026-07-21,landed,2026-07-21T00:50:00+00:00,2026-07-21T01:20:00+00:00,1,2026-07-21T06:25:00+00:00,2026-07-21T06:26:00+00:00,1,30.0,1.0,AF283,Air France
2026-07-21T10:40:42.121486,DEL-CDG,2026-07-20,landed,2026-07-20T12:10:00+00:00,2026-07-20T12:28:00+00:00,,2026-07-20T19:15:00+00:00,2026-07-20T18:30:00+00:00,,18.0,-45.0,SQ4931,Singapore Airlines
2026-07-21T10:40:42.121508,DEL-CDG,2026-07-20,landed,2026-07-20T09:25:00+00:00,2026-07-20T09:53:00+00:00,11,2026-07-20T15:25:00+00:00,2026-07-20T15:36:00+00:00,11,28.0,11.0,FX5272,FedEx
2026-07-21T10:40:42.121528,DEL-CDG,2026-07-20,landed,2026-07-20T12:10:00+00:00,2026-07-20T12:28:00+00:00,,2026-07-20T19:15:00+00:00,2026-07-20T18:30:00+00:00,,18.0,-45.0,AI143,Air India
2026-07-21T10:40:42.121548,DEL-CDG,2026-07-20,landed,2026-07-20T00:50:00+00:00,2026-07-20T01:17:00+00:00,,2026-07-20T06:25:00+00:00,2026-07-20T06:19:00+00:00,,27.0,-6.0,KL2369,KLM
2026-07-21T10:40:42.121567,DEL-CDG,2026-07-20,landed,2026-07-20T00:50:00+00:00,2026-07-20T01:17:00+00:00,,2026-07-20T06:25:00+00:00,2026-07-20T06:19:00+00:00,,27.0,-6.0,DL8293,Delta Air Lines
2026-07-21T10:40:42.121586,DEL-CDG,2026-07-20,landed,2026-07-20T00:50:00+00:00,2026-07-20T01:17:00+00:00,,2026-07-20T06:25:00+00:00,2026-07-20T06:19:00+00:00,,27.0,-6.0,AF283,Air France
2026-07-21T10:40:42.946689,BLR-AMS,2026-07-21,active,2026-07-21T01:05:00+00:00,2026-07-21T01:39:00+00:00,,2026-07-21T07:55:00+00:00,,35,34.0,,DL9478,Delta Air Lines
2026-07-21T10:40:42.946774,BLR-AMS,2026-07-21,active,2026-07-21T01:05:00+00:00,2026-07-21T01:39:00+00:00,,2026-07-21T07:55:00+00:00,,35,34.0,,AF3126,Air France
2026-07-21T10:40:42.946794,BLR-AMS,2026-07-21,active,2026-07-21T01:05:00+00:00,2026-07-21T01:39:00+00:00,,2026-07-21T07:55:00+00:00,,,34.0,,KL880,KLM
2026-07-22T11:16:18.181286,BOM-FRA,2026-07-22,active,2026-07-22T11:40:00+00:00,,,2026-07-22T17:55:00+00:00,,10,,,LH7255,Lufthansa
2026-07-22T11:16:18.181381,BOM-FRA,2026-07-22,active,2026-07-22T11:40:00+00:00,,,2026-07-22T17:55:00+00:00,,10,,,AI2027,Air India
2026-07-22T11:16:18.181399,BOM-FRA,2026-07-22,active,2026-07-22T08:10:00+00:00,,,2026-07-22T13:30:00+00:00,,10,,,D0623,DHL Air
2026-07-22T11:16:18.181410,BOM-FRA,2026-07-22,active,2026-07-22T02:40:00+00:00,2026-07-22T02:57:00+00:00,6,2026-07-22T08:05:00+00:00,,17,17.0,,AZ4813,Alitalia
2026-07-22T11:16:18.181447,BOM-FRA,2026-07-22,active,2026-07-22T02:40:00+00:00,2026-07-22T02:57:00+00:00,6,2026-07-22T08:05:00+00:00,,17,17.0,,AI8757,Air India
2026-07-22T11:16:18.181465,BOM-FRA,2026-07-22,active,2026-07-22T02:40:00+00:00,2026-07-22T02:57:00+00:00,6,2026-07-22T08:05:00+00:00,,17,17.0,,AC9355,Air Canada
2026-07-22T11:16:18.181478,BOM-FRA,2026-07-22,active,2026-07-22T02:40:00+00:00,2026-07-22T02:57:00+00:00,10,2026-07-22T08:05:00+00:00,,10,17.0,,LH757,Lufthansa
2026-07-22T11:16:18.181491,BOM-FRA,2026-07-21,landed,2026-07-21T08:20:00+00:00,2026-07-21T09:04:00+00:00,19,2026-07-21T13:45:00+00:00,2026-07-21T14:04:00+00:00,19,44.0,19.0,GEC8363,Lufthansa Cargo
2026-07-22T11:16:18.181509,BOM-FRA,2026-07-21,scheduled,2026-07-21T08:20:00+00:00,,,2026-07-21T13:45:00+00:00,,,,,LH8363,Lufthansa
2026-07-22T11:16:18.181519,BOM-FRA,2026-07-21,active,2026-07-21T02:40:00+00:00,2026-07-21T03:02:00+00:00,8,2026-07-21T08:05:00+00:00,,23,22.0,,AZ4813,Alitalia
2026-07-22T11:16:18.181543,BOM-FRA,2026-07-21,active,2026-07-21T02:40:00+00:00,2026-07-21T03:02:00+00:00,8,2026-07-21T08:05:00+00:00,,23,22.0,,AI8757,Air India
2026-07-22T11:16:18.181556,BOM-FRA,2026-07-21,active,2026-07-21T02:40:00+00:00,2026-07-21T03:02:00+00:00,8,2026-07-21T08:05:00+00:00,,23,22.0,,AC9355,Air Canada
2026-07-22T11:16:18.181574,BOM-FRA,2026-07-21,landed,2026-07-21T02:40:00+00:00,2026-07-21T03:02:00+00:00,8,2026-07-21T08:05:00+00:00,2026-07-21T08:13:00+00:00,8,22.0,8.0,LH757,Lufthansa
2026-07-22T11:16:18.536620,DEL-CDG,2026-07-22,scheduled,2026-07-22T12:10:00+00:00,,,2026-07-22T19:15:00+00:00,,10,,,AI143,Air India
2026-07-22T11:16:18.536644,DEL-CDG,2026-07-22,scheduled,2026-07-22T12:10:00+00:00,,,2026-07-22T19:15:00+00:00,,10,,,SQ4931,Singapore Airlines
2026-07-22T11:16:18.536651,DEL-CDG,2026-07-22,active,2026-07-22T09:38:00+00:00,,,2026-07-22T15:19:00+00:00,,10,,,FX5279,FedEx
2026-07-22T11:16:18.536656,DEL-CDG,2026-07-22,landed,2026-07-22T00:50:00+00:00,2026-07-22T01:17:00+00:00,,2026-07-22T06:25:00+00:00,2026-07-22T06:20:00+00:00,,27.0,-5.0,KL2369,KLM
2026-07-22T11:16:18.536676,DEL-CDG,2026-07-22,landed,2026-07-22T00:50:00+00:00,2026-07-22T01:17:00+00:00,,2026-07-22T06:25:00+00:00,2026-07-22T06:20:00+00:00,,27.0,-5.0,DL8293,Delta Air Lines
2026-07-22T11:16:18.536686,DEL-CDG,2026-07-22,landed,2026-07-22T00:50:00+00:00,2026-07-22T01:17:00+00:00,,2026-07-22T06:25:00+00:00,2026-07-22T06:20:00+00:00,,27.0,-5.0,AF283,Air France
2026-07-22T11:16:18.536695,DEL-CDG,2026-07-21,landed,2026-07-21T12:10:00+00:00,2026-07-21T12:30:00+00:00,45,2026-07-21T19:15:00+00:00,2026-07-21T18:41:00+00:00,,20.0,-34.0,SQ4931,Singapore Airlines
2026-07-22T11:16:18.536704,DEL-CDG,2026-07-21,scheduled,2026-07-21T09:38:00+00:00,2026-07-21T10:28:00+00:00,85,2026-07-21T15:40:00+00:00,,84,50.0,,FX5279,FedEx
2026-07-22T11:16:18.536711,DEL-CDG,2026-07-21,landed,2026-07-21T12:10:00+00:00,2026-07-21T12:30:00+00:00,45,2026-07-21T19:15:00+00:00,2026-07-21T18:41:00+00:00,,20.0,-34.0,AI143,Air India
2026-07-22T11:16:18.536720,DEL-CDG,2026-07-21,landed,2026-07-21T00:50:00+00:00,2026-07-21T01:20:00+00:00,1,2026-07-21T06:25:00+00:00,2026-07-21T06:26:00+00:00,1,30.0,1.0,KL2369,KLM
2026-07-22T11:16:18.536728,DEL-CDG,2026-07-21,landed,2026-07-21T00:50:00+00:00,2026-07-21T01:20:00+00:00,1,2026-07-21T06:25:00+00:00,2026-07-21T06:26:00+00:00,1,30.0,1.0,DL8293,Delta Air Lines
2026-07-22T11:16:18.536736,DEL-CDG,2026-07-21,landed,2026-07-21T00:50:00+00:00,2026-07-21T01:20:00+00:00,1,2026-07-21T06:25:00+00:00,2026-07-21T06:26:00+00:00,1,30.0,1.0,AF283,Air France
2026-07-22T11:16:19.052095,BLR-AMS,2026-07-22,active,2026-07-22T01:05:00+00:00,2026-07-22T01:41:00+00:00,,2026-07-22T07:55:00+00:00,,37,36.0,,DL9478,Delta Air Lines
2026-07-22T11:16:19.052127,BLR-AMS,2026-07-22,active,2026-07-22T01:05:00+00:00,2026-07-22T01:41:00+00:00,,2026-07-22T07:55:00+00:00,,37,36.0,,AF3126,Air France
2026-07-22T11:16:19.052136,BLR-AMS,2026-07-22,active,2026-07-22T01:05:00+00:00,2026-07-22T01:41:00+00:00,,2026-07-22T07:55:00+00:00,,,36.0,,KL880,KLM
2026-07-22T11:16:19.052143,BLR-AMS,2026-07-21,landed,2026-07-21T01:05:00+00:00,2026-07-21T01:39:00+00:00,,2026-07-21T07:55:00+00:00,2026-07-21T07:37:00+00:00,,34.0,-18.0,DL9478,Delta Air Lines
2026-07-22T11:16:19.052154,BLR-AMS,2026-07-21,landed,2026-07-21T01:05:00+00:00,2026-07-21T01:39:00+00:00,,2026-07-21T07:55:00+00:00,2026-07-21T07:37:00+00:00,,34.0,-18.0,AF3126,Air France
2026-07-22T11:16:19.052162,BLR-AMS,2026-07-21,landed,2026-07-21T01:05:00+00:00,2026-07-21T01:39:00+00:00,,2026-07-21T07:55:00+00:00,2026-07-21T07:37:00+00:00,,34.0,-18.0,KL880,KLM
2026-07-23T18:32:18.388548,BOM-FRA,2026-07-23,active,2026-07-23T11:40:00+00:00,2026-07-23T12:13:00+00:00,,2026-07-23T17:55:00+00:00,,33,33.0,,LH7255,Lufthansa
2026-07-23T18:32:18.388642,BOM-FRA,2026-07-23,active,2026-07-23T11:40:00+00:00,2026-07-23T12:13:00+00:00,,2026-07-23T17:55:00+00:00,,,33.0,,AI2027,Air India
2026-07-23T18:32:18.388662,BOM-FRA,2026-07-23,scheduled,2026-07-23T02:40:00+00:00,2026-07-23T04:03:00+00:00,82,2026-07-23T08:05:00+00:00,,81,83.0,,AI8757,Air India
2026-07-23T18:32:18.388676,BOM-FRA,2026-07-23,scheduled,2026-07-23T02:40:00+00:00,2026-07-23T04:03:00+00:00,82,2026-07-23T08:05:00+00:00,,81,83.0,,AC9355,Air Canada
2026-07-23T18:32:18.388687,BOM-FRA,2026-07-23,scheduled,2026-07-23T02:40:00+00:00,2026-07-23T04:03:00+00:00,82,2026-07-23T08:05:00+00:00,,81,83.0,,LH757,Lufthansa
2026-07-23T18:32:18.388697,BOM-FRA,2026-07-22,landed,2026-07-22T11:40:00+00:00,2026-07-22T12:17:00+00:00,,2026-07-22T17:55:00+00:00,2026-07-22T17:23:00+00:00,,37.0,-32.0,LH7255,Lufthansa
2026-07-23T18:32:18.388711,BOM-FRA,2026-07-22,landed,2026-07-22T11:40:00+00:00,2026-07-22T12:17:00+00:00,,2026-07-22T17:55:00+00:00,2026-07-22T17:23:00+00:00,,37.0,-32.0,AI2027,Air India
2026-07-23T18:32:18.388723,BOM-FRA,2026-07-22,scheduled,2026-07-22T08:10:00+00:00,2026-07-22T09:25:00+00:00,63,2026-07-22T13:30:00+00:00,,63,75.0,,D0623,DHL Air
2026-07-23T18:32:18.388732,BOM-FRA,2026-07-22,landed,2026-07-22T02:40:00+00:00,2026-07-22T02:57:00+00:00,7,2026-07-22T08:05:00+00:00,2026-07-22T08:12:00+00:00,7,17.0,7.0,AZ4813,Alitalia
2026-07-23T18:32:18.388746,BOM-FRA,2026-07-22,landed,2026-07-22T02:40:00+00:00,2026-07-22T02:57:00+00:00,7,2026-07-22T08:05:00+00:00,2026-07-22T08:12:00+00:00,7,17.0,7.0,AI8757,Air India
2026-07-23T18:32:18.388757,BOM-FRA,2026-07-22,landed,2026-07-22T02:40:00+00:00,2026-07-22T02:57:00+00:00,7,2026-07-22T08:05:00+00:00,2026-07-22T08:12:00+00:00,7,17.0,7.0,AC9355,Air Canada
2026-07-23T18:32:18.388769,BOM-FRA,2026-07-22,landed,2026-07-22T02:40:00+00:00,2026-07-22T02:57:00+00:00,7,2026-07-22T08:05:00+00:00,2026-07-22T08:12:00+00:00,7,17.0,7.0,LH757,Lufthansa
2026-07-23T18:32:19.126815,DEL-CDG,2026-07-23,active,2026-07-23T12:10:00+00:00,,,2026-07-23T19:15:00+00:00,,10,,,SQ4931,Singapore Airlines
2026-07-23T18:32:19.126858,DEL-CDG,2026-07-23,scheduled,2026-07-23T09:38:00+00:00,2026-07-23T10:01:00+00:00,53,2026-07-23T15:40:00+00:00,,52,23.0,,FX5279,FedEx
2026-07-23T18:32:19.126891,DEL-CDG,2026-07-23,active,2026-07-23T12:10:00+00:00,,,2026-07-23T19:15:00+00:00,,10,,,AI143,Air India
2026-07-23T18:32:19.126905,DEL-CDG,2026-07-23,landed,2026-07-23T00:50:00+00:00,2026-07-23T01:14:00+00:00,,2026-07-23T06:25:00+00:00,2026-07-23T06:17:00+00:00,,24.0,-8.0,KL2369,KLM
2026-07-23T18:32:19.126928,DEL-CDG,2026-07-23,landed,2026-07-23T00:50:00+00:00,2026-07-23T01:14:00+00:00,,2026-07-23T06:25:00+00:00,2026-07-23T06:17:00+00:00,,24.0,-8.0,DL8293,Delta Air Lines
2026-07-23T18:32:19.126949,DEL-CDG,2026-07-23,landed,2026-07-23T04:05:00+00:00,2026-07-23T04:19:00+00:00,,2026-07-23T10:05:00+00:00,2026-07-23T09:43:00+00:00,,14.0,-22.0,CX37,Cathay Pacific
2026-07-23T18:32:19.126971,DEL-CDG,2026-07-23,landed,2026-07-23T00:50:00+00:00,2026-07-23T01:14:00+00:00,,2026-07-23T06:25:00+00:00,2026-07-23T06:17:00+00:00,,24.0,-8.0,AF283,Air France
2026-07-23T18:32:19.126992,DEL-CDG,2026-07-22,landed,2026-07-22T12:10:00+00:00,2026-07-22T12:55:00+00:00,,2026-07-22T19:15:00+00:00,2026-07-22T19:11:00+00:00,,45.0,-4.0,AI143,Air India
2026-07-23T18:32:19.127012,DEL-CDG,2026-07-22,landed,2026-07-22T12:10:00+00:00,2026-07-22T12:55:00+00:00,,2026-07-22T19:15:00+00:00,2026-07-22T19:11:00+00:00,,45.0,-4.0,SQ4931,Singapore Airlines
2026-07-23T18:32:19.127032,DEL-CDG,2026-07-22,landed,2026-07-22T09:38:00+00:00,2026-07-22T10:36:00+00:00,32,2026-07-22T15:40:00+00:00,2026-07-22T16:12:00+00:00,32,58.0,32.0,FX5279,FedEx
2026-07-23T18:32:19.127053,DEL-CDG,2026-07-22,landed,2026-07-22T00:50:00+00:00,2026-07-22T01:17:00+00:00,,2026-07-22T06:25:00+00:00,2026-07-22T06:20:00+00:00,,27.0,-5.0,KL2369,KLM
2026-07-23T18:32:19.127072,DEL-CDG,2026-07-22,landed,2026-07-22T00:50:00+00:00,2026-07-22T01:17:00+00:00,,2026-07-22T06:25:00+00:00,2026-07-22T06:20:00+00:00,,27.0,-5.0,DL8293,Delta Air Lines
2026-07-23T18:32:19.127093,DEL-CDG,2026-07-22,landed,2026-07-22T00:50:00+00:00,2026-07-22T01:17:00+00:00,,2026-07-22T06:25:00+00:00,2026-07-22T06:20:00+00:00,,27.0,-5.0,AF283,Air France
2026-07-23T18:32:19.891954,BLR-AMS,2026-07-23,active,2026-07-23T10:10:00+00:00,2026-07-23T10:44:00+00:00,14,2026-07-23T16:50:00+00:00,,14,34.0,,SQ7352,Singapore Airlines
2026-07-23T18:32:19.891999,BLR-AMS,2026-07-23,landed,2026-07-23T01:05:00+00:00,2026-07-23T01:12:00+00:00,,2026-07-23T07:55:00+00:00,2026-07-23T07:30:00+00:00,,7.0,-25.0,DL9478,Delta Air Lines
2026-07-23T18:32:19.892016,BLR-AMS,2026-07-23,landed,2026-07-23T01:05:00+00:00,2026-07-23T01:12:00+00:00,,2026-07-23T07:55:00+00:00,2026-07-23T07:30:00+00:00,,7.0,-25.0,AF3126,Air France
2026-07-23T18:32:19.892029,BLR-AMS,2026-07-23,landed,2026-07-23T01:05:00+00:00,2026-07-23T01:12:00+00:00,,2026-07-23T07:55:00+00:00,2026-07-23T07:30:00+00:00,,7.0,-25.0,KL880,KLM
2026-07-23T18:32:19.892040,BLR-AMS,2026-07-22,landed,2026-07-22T01:05:00+00:00,2026-07-22T01:41:00+00:00,,2026-07-22T07:55:00+00:00,2026-07-22T07:46:00+00:00,,36.0,-9.0,DL9478,Delta Air Lines
2026-07-23T18:32:19.892052,BLR-AMS,2026-07-22,landed,2026-07-22T01:05:00+00:00,2026-07-22T01:41:00+00:00,,2026-07-22T07:55:00+00:00,2026-07-22T07:46:00+00:00,,36.0,-9.0,AF3126,Air France
2026-07-23T18:32:19.892063,BLR-AMS,2026-07-22,landed,2026-07-22T01:05:00+00:00,2026-07-22T01:41:00+00:00,,2026-07-22T07:55:00+00:00,2026-07-22T07:46:00+00:00,,36.0,-9.0,KL880,KLM
2026-07-25T11:35:55.304495,BOM-FRA,2026-07-25,active,2026-07-25T11:40:00+00:00,,,2026-07-25T17:55:00+00:00,,10,,,LH7255,Lufthansa
2026-07-25T11:35:55.304594,BOM-FRA,2026-07-25,active,2026-07-25T11:40:00+00:00,,,2026-07-25T17:55:00+00:00,,10,,,AI2027,Air India
2026-07-25T11:35:55.304614,BOM-FRA,2026-07-25,active,2026-07-25T02:40:00+00:00,2026-07-25T02:57:00+00:00,1,2026-07-25T08:05:00+00:00,,18,17.0,,AI8757,Air India
2026-07-25T11:35:55.304655,BOM-FRA,2026-07-25,active,2026-07-25T02:40:00+00:00,2026-07-25T02:57:00+00:00,1,2026-07-25T08:05:00+00:00,,18,17.0,,AC9355,Air Canada
2026-07-25T11:35:55.304673,BOM-FRA,2026-07-25,active,2026-07-25T02:40:00+00:00,2026-07-25T02:57:00+00:00,6,2026-07-25T08:05:00+00:00,,,17.0,,LH757,Lufthansa
2026-07-25T11:35:55.304687,BOM-FRA,2026-07-24,landed,2026-07-24T02:40:00+00:00,2026-07-24T03:07:00+00:00,16,2026-07-24T08:05:00+00:00,2026-07-24T08:21:00+00:00,16,27.0,16.0,AZ4813,Alitalia
2026-07-25T11:35:55.304705,BOM-FRA,2026-07-24,landed,2026-07-24T02:40:00+00:00,2026-07-24T03:07:00+00:00,16,2026-07-24T08:05:00+00:00,2026-07-24T08:21:00+00:00,16,27.0,16.0,AI8757,Air India
2026-07-25T11:35:55.304721,BOM-FRA,2026-07-24,landed,2026-07-24T02:40:00+00:00,2026-07-24T03:07:00+00:00,16,2026-07-24T08:05:00+00:00,2026-07-24T08:21:00+00:00,16,27.0,16.0,AC9355,Air Canada
2026-07-25T11:35:55.304737,BOM-FRA,2026-07-24,landed,2026-07-24T02:40:00+00:00,2026-07-24T03:07:00+00:00,16,2026-07-24T08:05:00+00:00,2026-07-24T08:21:00+00:00,16,27.0,16.0,LH757,Lufthansa
2026-07-25T11:35:55.615549,DEL-CDG,2026-07-25,active,2026-07-25T12:10:00+00:00,,,2026-07-25T19:15:00+00:00,,10,,,SQ4931,Singapore Airlines
2026-07-25T11:35:55.615602,DEL-CDG,2026-07-25,active,2026-07-25T09:38:00+00:00,2026-07-25T10:24:00+00:00,249,2026-07-25T15:40:00+00:00,,46,46.0,,FX5279,FedEx
2026-07-25T11:35:55.615645,DEL-CDG,2026-07-25,active,2026-07-25T12:10:00+00:00,,,2026-07-25T19:15:00+00:00,,10,,,AI143,Air India
2026-07-25T11:35:55.615659,DEL-CDG,2026-07-25,landed,2026-07-25T00:50:00+00:00,2026-07-25T01:24:00+00:00,1,2026-07-25T06:25:00+00:00,2026-07-25T06:26:00+00:00,1,34.0,1.0,KL2369,KLM
2026-07-25T11:35:55.615684,DEL-CDG,2026-07-25,landed,2026-07-25T00:50:00+00:00,2026-07-25T01:24:00+00:00,1,2026-07-25T06:25:00+00:00,2026-07-25T06:26:00+00:00,1,34.0,1.0,DL8293,Delta Air Lines
2026-07-25T11:35:55.615706,DEL-CDG,2026-07-25,landed,2026-07-25T00:50:00+00:00,2026-07-25T01:24:00+00:00,1,2026-07-25T06:25:00+00:00,2026-07-25T06:26:00+00:00,1,34.0,1.0,AF283,Air France
2026-07-25T11:35:55.615725,DEL-CDG,2026-07-24,landed,2026-07-24T12:10:00+00:00,2026-07-24T12:23:00+00:00,,2026-07-24T19:15:00+00:00,2026-07-24T18:48:00+00:00,,13.0,-27.0,SQ4931,Singapore Airlines
2026-07-25T11:35:55.615749,DEL-CDG,2026-07-24,scheduled,2026-07-24T09:38:00+00:00,2026-07-24T10:13:00+00:00,83,2026-07-24T15:40:00+00:00,,83,35.0,,FX5279,FedEx
2026-07-25T11:35:55.615766,DEL-CDG,2026-07-24,landed,2026-07-24T12:10:00+00:00,2026-07-24T12:23:00+00:00,,2026-07-24T19:15:00+00:00,2026-07-24T18:48:00+00:00,,13.0,-27.0,AI143,Air India
2026-07-25T11:35:55.615787,DEL-CDG,2026-07-24,landed,2026-07-24T00:50:00+00:00,2026-07-24T01:17:00+00:00,,2026-07-24T06:25:00+00:00,2026-07-24T06:14:00+00:00,,27.0,-11.0,AF283,Air France
2026-07-25T11:35:55.615807,DEL-CDG,2026-07-24,landed,2026-07-24T00:50:00+00:00,2026-07-24T01:17:00+00:00,,2026-07-24T06:25:00+00:00,2026-07-24T06:14:00+00:00,,27.0,-11.0,KL2369,KLM
2026-07-25T11:35:55.615828,DEL-CDG,2026-07-24,landed,2026-07-24T00:50:00+00:00,2026-07-24T01:17:00+00:00,,2026-07-24T06:25:00+00:00,2026-07-24T06:14:00+00:00,,27.0,-11.0,DL8293,Delta Air Lines
2026-07-25T11:35:55.941981,BLR-AMS,2026-07-25,active,2026-07-25T09:35:00+00:00,2026-07-25T09:29:00+00:00,,2026-07-25T16:15:00+00:00,,10,-6.0,,SQ7352,Singapore Airlines
2026-07-25T11:35:55.942192,BLR-AMS,2026-07-24,landed,2026-07-24T01:05:00+00:00,2026-07-24T01:25:00+00:00,,2026-07-24T07:55:00+00:00,2026-07-24T07:36:00+00:00,,20.0,-19.0,DL9478,Delta Air Lines
2026-07-25T11:35:55.942226,BLR-AMS,2026-07-24,landed,2026-07-24T01:05:00+00:00,2026-07-24T01:25:00+00:00,,2026-07-24T07:55:00+00:00,2026-07-24T07:36:00+00:00,,20.0,-19.0,AF3126,Air France
2026-07-25T11:35:55.942245,BLR-AMS,2026-07-24,landed,2026-07-24T01:05:00+00:00,2026-07-24T01:25:00+00:00,,2026-07-24T07:55:00+00:00,2026-07-24T07:36:00+00:00,,20.0,-19.0,KL880,KLM
2026-07-26T16:14:19.936193,BOM-FRA,2026-07-26,active,2026-07-26T11:40:00+00:00,2026-07-26T12:18:00+00:00,,2026-07-26T17:55:00+00:00,,38,38.0,,LH7255,Lufthansa
2026-07-26T16:14:19.936309,BOM-FRA,2026-07-26,scheduled,2026-07-26T11:40:00+00:00,2026-07-26T12:18:00+00:00,,2026-07-26T17:55:00+00:00,,,38.0,,AI2027,Air India
2026-07-26T16:14:19.936337,BOM-FRA,2026-07-26,active,2026-07-26T08:10:00+00:00,2026-07-26T08:14:00+00:00,,2026-07-26T13:30:00+00:00,,,4.0,,3S623,AeroLogic
2026-07-26T16:14:19.936358,BOM-FRA,2026-07-26,landed,2026-07-26T02:40:00+00:00,2026-07-26T03:09:00+00:00,7,2026-07-26T08:05:00+00:00,2026-07-26T08:12:00+00:00,7,29.0,7.0,LH757,Lufthansa
2026-07-26T16:14:19.936379,BOM-FRA,2026-07-26,landed,2026-07-26T02:40:00+00:00,2026-07-26T03:09:00+00:00,7,2026-07-26T08:05:00+00:00,2026-07-26T08:12:00+00:00,7,29.0,7.0,AZ4813,Alitalia
2026-07-26T16:14:19.936399,BOM-FRA,2026-07-26,landed,2026-07-26T02:40:00+00:00,2026-07-26T03:09:00+00:00,7,2026-07-26T08:05:00+00:00,2026-07-26T08:12:00+00:00,7,29.0,7.0,AI8757,Air India
2026-07-26T16:14:19.936418,BOM-FRA,2026-07-26,landed,2026-07-26T02:40:00+00:00,2026-07-26T03:09:00+00:00,7,2026-07-26T08:05:00+00:00,2026-07-26T08:12:00+00:00,7,29.0,7.0,AC9355,Air Canada
2026-07-26T16:14:19.936439,BOM-FRA,2026-07-25,landed,2026-07-25T11:40:00+00:00,2026-07-25T12:07:00+00:00,,2026-07-25T17:55:00+00:00,2026-07-25T17:18:00+00:00,,27.0,-37.0,LH7255,Lufthansa
2026-07-26T16:14:19.936460,BOM-FRA,2026-07-25,landed,2026-07-25T11:40:00+00:00,2026-07-25T12:07:00+00:00,,2026-07-25T17:55:00+00:00,2026-07-25T17:18:00+00:00,,27.0,-37.0,AI2027,Air India
2026-07-26T16:14:19.936482,BOM-FRA,2026-07-25,landed,2026-07-25T02:40:00+00:00,2026-07-25T02:57:00+00:00,4,2026-07-25T08:05:00+00:00,2026-07-25T08:09:00+00:00,4,17.0,4.0,AI8757,Air India
2026-07-26T16:14:19.936502,BOM-FRA,2026-07-25,landed,2026-07-25T02:40:00+00:00,2026-07-25T02:57:00+00:00,4,2026-07-25T08:05:00+00:00,2026-07-25T08:09:00+00:00,4,17.0,4.0,AC9355,Air Canada
2026-07-26T16:14:19.936522,BOM-FRA,2026-07-25,landed,2026-07-25T02:40:00+00:00,2026-07-25T02:57:00+00:00,4,2026-07-25T08:05:00+00:00,2026-07-25T08:09:00+00:00,4,17.0,4.0,LH757,Lufthansa
2026-07-26T16:14:20.647949,DEL-CDG,2026-07-26,active,2026-07-26T12:10:00+00:00,2026-07-26T12:22:00+00:00,36,2026-07-26T19:15:00+00:00,,12,12.0,,SQ4931,Singapore Airlines
2026-07-26T16:14:20.647996,DEL-CDG,2026-07-26,active,2026-07-26T12:10:00+00:00,2026-07-26T12:22:00+00:00,36,2026-07-26T19:15:00+00:00,,12,12.0,,AI143,Air India
2026-07-26T16:14:20.648009,DEL-CDG,2026-07-26,landed,2026-07-26T00:50:00+00:00,2026-07-26T01:28:00+00:00,,2026-07-26T06:25:00+00:00,2026-07-26T06:04:00+00:00,,38.0,-21.0,KL2369,KLM
2026-07-26T16:14:20.648023,DEL-CDG,2026-07-26,landed,2026-07-26T00:50:00+00:00,2026-07-26T01:28:00+00:00,,2026-07-26T06:25:00+00:00,2026-07-26T06:04:00+00:00,,38.0,-21.0,DL8293,Delta Air Lines
2026-07-26T16:14:20.648036,DEL-CDG,2026-07-26,landed,2026-07-26T00:50:00+00:00,2026-07-26T01:28:00+00:00,,2026-07-26T06:25:00+00:00,2026-07-26T06:04:00+00:00,,38.0,-21.0,AF283,Air France
2026-07-26T16:14:20.648047,DEL-CDG,2026-07-25,landed,2026-07-25T12:10:00+00:00,2026-07-25T12:57:00+00:00,68,2026-07-25T19:15:00+00:00,2026-07-25T19:06:00+00:00,,47.0,-9.0,SQ4931,Singapore Airlines
2026-07-26T16:14:20.648058,DEL-CDG,2026-07-25,scheduled,2026-07-25T09:38:00+00:00,2026-07-25T10:24:00+00:00,70,2026-07-25T15:40:00+00:00,,70,46.0,,FX5279,FedEx
2026-07-26T16:14:20.648071,DEL-CDG,2026-07-25,landed,2026-07-25T12:10:00+00:00,2026-07-25T12:57:00+00:00,68,2026-07-25T19:15:00+00:00,2026-07-25T19:06:00+00:00,,47.0,-9.0,AI143,Air India
2026-07-26T16:14:20.648088,DEL-CDG,2026-07-25,landed,2026-07-25T00:50:00+00:00,2026-07-25T01:24:00+00:00,1,2026-07-25T06:25:00+00:00,2026-07-25T06:26:00+00:00,1,34.0,1.0,KL2369,KLM
2026-07-26T16:14:20.648107,DEL-CDG,2026-07-25,landed,2026-07-25T00:50:00+00:00,2026-07-25T01:24:00+00:00,1,2026-07-25T06:25:00+00:00,2026-07-25T06:26:00+00:00,1,34.0,1.0,DL8293,Delta Air Lines
2026-07-26T16:14:20.648119,DEL-CDG,2026-07-25,landed,2026-07-25T00:50:00+00:00,2026-07-25T01:24:00+00:00,1,2026-07-25T06:25:00+00:00,2026-07-25T06:26:00+00:00,1,34.0,1.0,AF283,Air France
2026-07-26T16:14:21.172280,BLR-AMS,2026-07-26,landed,2026-07-26T01:05:00+00:00,2026-07-26T01:18:00+00:00,,2026-07-26T07:55:00+00:00,2026-07-26T07:14:00+00:00,,13.0,-41.0,DL9478,Delta Air Lines
2026-07-26T16:14:21.172416,BLR-AMS,2026-07-26,landed,2026-07-26T01:05:00+00:00,2026-07-26T01:18:00+00:00,,2026-07-26T07:55:00+00:00,2026-07-26T07:14:00+00:00,,13.0,-41.0,AF3126,Air France
2026-07-26T16:14:21.172469,BLR-AMS,2026-07-26,landed,2026-07-26T01:05:00+00:00,2026-07-26T01:18:00+00:00,,2026-07-26T07:55:00+00:00,2026-07-26T07:14:00+00:00,,13.0,-41.0,KL880,KLM
2026-07-26T16:14:21.172499,BLR-AMS,2026-07-25,landed,2026-07-25T09:35:00+00:00,2026-07-25T09:29:00+00:00,,2026-07-25T16:15:00+00:00,2026-07-25T15:35:00+00:00,,-6.0,-40.0,SQ7352,Singapore Airlines
2026-07-27T13:33:45.765197,BOM-FRA,2026-07-27,active,2026-07-27T11:40:00+00:00,2026-07-27T11:55:00+00:00,,2026-07-27T17:55:00+00:00,,16,15.0,,LH7255,Lufthansa
2026-07-27T13:33:45.765274,BOM-FRA,2026-07-27,active,2026-07-27T11:40:00+00:00,2026-07-27T11:55:00+00:00,,2026-07-27T17:55:00+00:00,,16,15.0,,AI2027,Air India
2026-07-27T13:33:45.765289,BOM-FRA,2026-07-27,active,2026-07-27T08:10:00+00:00,,,2026-07-27T13:18:00+00:00,,10,,,3S627,AeroLogic
2026-07-27T13:33:45.765297,BOM-FRA,2026-07-27,landed,2026-07-27T02:40:00+00:00,2026-07-27T03:18:00+00:00,42,2026-07-27T08:05:00+00:00,2026-07-27T08:47:00+00:00,42,38.0,42.0,AI8757,Air India
2026-07-27T13:33:45.765308,BOM-FRA,2026-07-27,landed,2026-07-27T02:40:00+00:00,2026-07-27T03:18:00+00:00,42,2026-07-27T08:05:00+00:00,2026-07-27T08:47:00+00:00,42,38.0,42.0,LH757,Lufthansa
2026-07-27T13:33:45.765318,BOM-FRA,2026-07-27,landed,2026-07-27T02:40:00+00:00,2026-07-27T03:18:00+00:00,42,2026-07-27T08:05:00+00:00,2026-07-27T08:47:00+00:00,42,38.0,42.0,AC9355,Air Canada
2026-07-27T13:33:45.765327,BOM-FRA,2026-07-26,landed,2026-07-26T11:40:00+00:00,2026-07-26T12:18:00+00:00,,2026-07-26T17:55:00+00:00,2026-07-26T17:29:00+00:00,,38.0,-26.0,LH7255,Lufthansa
2026-07-27T13:33:45.765337,BOM-FRA,2026-07-26,landed,2026-07-26T11:40:00+00:00,2026-07-26T12:18:00+00:00,,2026-07-26T17:55:00+00:00,2026-07-26T17:29:00+00:00,,38.0,-26.0,AI2027,Air India
2026-07-27T13:33:45.765347,BOM-FRA,2026-07-26,landed,2026-07-26T08:10:00+00:00,2026-07-26T08:14:00+00:00,,2026-07-26T13:30:00+00:00,2026-07-26T13:04:00+00:00,,4.0,-26.0,3S623,AeroLogic
2026-07-27T13:33:45.765356,BOM-FRA,2026-07-26,landed,2026-07-26T02:40:00+00:00,2026-07-26T03:09:00+00:00,7,2026-07-26T08:05:00+00:00,2026-07-26T08:12:00+00:00,7,29.0,7.0,LH757,Lufthansa
2026-07-27T13:33:45.765366,BOM-FRA,2026-07-26,landed,2026-07-26T02:40:00+00:00,2026-07-26T03:09:00+00:00,7,2026-07-26T08:05:00+00:00,2026-07-26T08:12:00+00:00,7,29.0,7.0,AZ4813,Alitalia
2026-07-27T13:33:45.765374,BOM-FRA,2026-07-26,landed,2026-07-26T02:40:00+00:00,2026-07-26T03:09:00+00:00,7,2026-07-26T08:05:00+00:00,2026-07-26T08:12:00+00:00,7,29.0,7.0,AI8757,Air India
2026-07-27T13:33:45.765383,BOM-FRA,2026-07-26,landed,2026-07-26T02:40:00+00:00,2026-07-26T03:09:00+00:00,7,2026-07-26T08:05:00+00:00,2026-07-26T08:12:00+00:00,7,29.0,7.0,AC9355,Air Canada
2026-07-27T13:33:46.436474,DEL-CDG,2026-07-27,active,2026-07-27T12:10:00+00:00,2026-07-27T12:36:00+00:00,,2026-07-27T19:15:00+00:00,,26,26.0,,SQ4931,Singapore Airlines
2026-07-27T13:33:46.436506,DEL-CDG,2026-07-27,active,2026-07-27T09:25:00+00:00,,,2026-07-27T14:57:00+00:00,,10,,,FX5272,FedEx
2026-07-27T13:33:46.436513,DEL-CDG,2026-07-27,active,2026-07-27T12:10:00+00:00,2026-07-27T12:36:00+00:00,,2026-07-27T19:15:00+00:00,,26,26.0,,AI143,Air India
2026-07-27T13:33:46.436521,DEL-CDG,2026-07-27,landed,2026-07-27T00:50:00+00:00,2026-07-27T01:11:00+00:00,10,2026-07-27T06:25:00+00:00,2026-07-27T06:02:00+00:00,,21.0,-23.0,AF283,Air France
2026-07-27T13:33:46.436532,DEL-CDG,2026-07-27,landed,2026-07-27T00:50:00+00:00,2026-07-27T01:11:00+00:00,10,2026-07-27T06:25:00+00:00,2026-07-27T06:02:00+00:00,,21.0,-23.0,KL2369,KLM
2026-07-27T13:33:46.436541,DEL-CDG,2026-07-27,landed,2026-07-27T00:50:00+00:00,2026-07-27T01:11:00+00:00,10,2026-07-27T06:25:00+00:00,2026-07-27T06:02:00+00:00,,21.0,-23.0,DL8293,Delta Air Lines
2026-07-27T13:33:46.436550,DEL-CDG,2026-07-26,landed,2026-07-26T12:10:00+00:00,2026-07-26T12:22:00+00:00,36,2026-07-26T19:15:00+00:00,2026-07-26T18:27:00+00:00,,12.0,-48.0,SQ4931,Singapore Airlines
2026-07-27T13:33:46.436559,DEL-CDG,2026-07-26,landed,2026-07-26T12:10:00+00:00,2026-07-26T12:22:00+00:00,36,2026-07-26T19:15:00+00:00,2026-07-26T18:27:00+00:00,,12.0,-48.0,AI143,Air India
2026-07-27T13:33:46.436567,DEL-CDG,2026-07-26,landed,2026-07-26T00:50:00+00:00,2026-07-26T01:28:00+00:00,,2026-07-26T06:25:00+00:00,2026-07-26T06:04:00+00:00,,38.0,-21.0,KL2369,KLM
2026-07-27T13:33:46.436576,DEL-CDG,2026-07-26,landed,2026-07-26T00:50:00+00:00,2026-07-26T01:28:00+00:00,,2026-07-26T06:25:00+00:00,2026-07-26T06:04:00+00:00,,38.0,-21.0,DL8293,Delta Air Lines
2026-07-27T13:33:46.436584,DEL-CDG,2026-07-26,landed,2026-07-26T00:50:00+00:00,2026-07-26T01:28:00+00:00,,2026-07-26T06:25:00+00:00,2026-07-26T06:04:00+00:00,,38.0,-21.0,AF283,Air France
2026-07-27T13:33:46.909226,BLR-AMS,2026-07-26,landed,2026-07-26T01:05:00+00:00,2026-07-26T01:18:00+00:00,,2026-07-26T07:55:00+00:00,2026-07-26T07:14:00+00:00,,13.0,-41.0,DL9478,Delta Air Lines
2026-07-27T13:33:46.909303,BLR-AMS,2026-07-26,landed,2026-07-26T01:05:00+00:00,2026-07-26T01:18:00+00:00,,2026-07-26T07:55:00+00:00,2026-07-26T07:14:00+00:00,,13.0,-41.0,AF3126,Air France
2026-07-27T13:33:46.909361,BLR-AMS,2026-07-26,landed,2026-07-26T01:05:00+00:00,2026-07-26T01:18:00+00:00,,2026-07-26T07:55:00+00:00,2026-07-26T07:14:00+00:00,,13.0,-41.0,KL880,KLM
2026-07-28T09:21:04.673930,BOM-FRA,2026-07-28,active,2026-07-28T08:20:00+00:00,,,2026-07-28T13:45:00+00:00,,16,,,GEC8363,Lufthansa Cargo
2026-07-28T09:21:04.674026,BOM-FRA,2026-07-28,scheduled,2026-07-28T08:20:00+00:00,,,2026-07-28T13:45:00+00:00,,,,,LH8363,Lufthansa
2026-07-28T09:21:04.674045,BOM-FRA,2026-07-28,active,2026-07-28T02:40:00+00:00,2026-07-28T03:17:00+00:00,25,2026-07-28T08:05:00+00:00,,37,37.0,,AZ4813,Alitalia
2026-07-28T09:21:04.674088,BOM-FRA,2026-07-28,active,2026-07-28T02:40:00+00:00,2026-07-28T03:17:00+00:00,25,2026-07-28T08:05:00+00:00,,37,37.0,,AI8757,Air India
2026-07-28T09:21:04.674109,BOM-FRA,2026-07-28,active,2026-07-28T02:40:00+00:00,2026-07-28T03:17:00+00:00,25,2026-07-28T08:05:00+00:00,,37,37.0,,AC9355,Air Canada
2026-07-28T09:21:04.674127,BOM-FRA,2026-07-28,scheduled,2026-07-28T02:40:00+00:00,2026-07-28T03:17:00+00:00,17,2026-07-28T08:05:00+00:00,,16,37.0,,LH757,Lufthansa
2026-07-28T09:21:04.674141,BOM-FRA,2026-07-27,landed,2026-07-27T11:40:00+00:00,2026-07-27T11:55:00+00:00,,2026-07-27T17:55:00+00:00,2026-07-27T17:14:00+00:00,,15.0,-41.0,LH7255,Lufthansa
2026-07-28T09:21:04.674162,BOM-FRA,2026-07-27,landed,2026-07-27T11:40:00+00:00,2026-07-27T11:55:00+00:00,,2026-07-27T17:55:00+00:00,2026-07-27T17:14:00+00:00,,15.0,-41.0,AI2027,Air India
2026-07-28T09:21:04.674182,BOM-FRA,2026-07-27,scheduled,2026-07-27T08:10:00+00:00,2026-07-27T09:12:00+00:00,51,2026-07-27T13:15:00+00:00,,50,62.0,,3S627,AeroLogic
2026-07-28T09:21:04.674197,BOM-FRA,2026-07-27,landed,2026-07-27T02:40:00+00:00,2026-07-27T03:18:00+00:00,42,2026-07-27T08:05:00+00:00,2026-07-27T08:47:00+00:00,42,38.0,42.0,AI8757,Air India
2026-07-28T09:21:04.674217,BOM-FRA,2026-07-27,landed,2026-07-27T02:40:00+00:00,2026-07-27T03:18:00+00:00,42,2026-07-27T08:05:00+00:00,2026-07-27T08:47:00+00:00,42,38.0,42.0,LH757,Lufthansa
2026-07-28T09:21:04.674236,BOM-FRA,2026-07-27,landed,2026-07-27T02:40:00+00:00,2026-07-27T03:18:00+00:00,42,2026-07-27T08:05:00+00:00,2026-07-27T08:47:00+00:00,42,38.0,42.0,AC9355,Air Canada
2026-07-28T09:21:05.295359,DEL-CDG,2026-07-28,scheduled,2026-07-28T12:10:00+00:00,,,2026-07-28T19:15:00+00:00,,10,,,SQ4931,Singapore Airlines
2026-07-28T09:21:05.295416,DEL-CDG,2026-07-28,active,2026-07-28T09:38:00+00:00,,,2026-07-28T15:04:00+00:00,,10,,,FX5279,FedEx
2026-07-28T09:21:05.295430,DEL-CDG,2026-07-28,scheduled,2026-07-28T12:10:00+00:00,,,2026-07-28T19:15:00+00:00,,10,,,AI143,Air India
2026-07-28T09:21:05.295443,DEL-CDG,2026-07-28,active,2026-07-28T00:50:00+00:00,2026-07-28T01:15:00+00:00,,2026-07-28T06:25:00+00:00,,,25.0,,KL2369,KLM
2026-07-28T09:21:05.295479,DEL-CDG,2026-07-28,active,2026-07-28T00:50:00+00:00,2026-07-28T01:15:00+00:00,,2026-07-28T06:25:00+00:00,,,25.0,,DL8293,Delta Air Lines
2026-07-28T09:21:05.295496,DEL-CDG,2026-07-28,active,2026-07-28T00:50:00+00:00,2026-07-28T01:15:00+00:00,,2026-07-28T06:25:00+00:00,,,25.0,,AF283,Air France
2026-07-28T09:21:05.295512,DEL-CDG,2026-07-27,landed,2026-07-27T12:10:00+00:00,2026-07-27T12:36:00+00:00,,2026-07-27T19:15:00+00:00,2026-07-27T18:50:00+00:00,,26.0,-25.0,SQ4931,Singapore Airlines
2026-07-28T09:21:05.295534,DEL-CDG,2026-07-27,landed,2026-07-27T09:25:00+00:00,2026-07-27T10:09:00+00:00,11,2026-07-27T15:25:00+00:00,2026-07-27T15:36:00+00:00,11,44.0,11.0,FX5272,FedEx
2026-07-28T09:21:05.295554,DEL-CDG,2026-07-27,landed,2026-07-27T12:10:00+00:00,2026-07-27T12:36:00+00:00,,2026-07-27T19:15:00+00:00,2026-07-27T18:50:00+00:00,,26.0,-25.0,AI143,Air India
2026-07-28T09:21:05.295573,DEL-CDG,2026-07-27,landed,2026-07-27T00:50:00+00:00,2026-07-27T01:11:00+00:00,10,2026-07-27T06:25:00+00:00,2026-07-27T06:02:00+00:00,,21.0,-23.0,AF283,Air France
2026-07-28T09:21:05.295592,DEL-CDG,2026-07-27,landed,2026-07-27T00:50:00+00:00,2026-07-27T01:11:00+00:00,10,2026-07-27T06:25:00+00:00,2026-07-27T06:02:00+00:00,,21.0,-23.0,KL2369,KLM
2026-07-28T09:21:05.295612,DEL-CDG,2026-07-27,landed,2026-07-27T00:50:00+00:00,2026-07-27T01:11:00+00:00,10,2026-07-27T06:25:00+00:00,2026-07-27T06:02:00+00:00,,21.0,-23.0,DL8293,Delta Air Lines
2026-07-28T09:21:05.599122,BLR-AMS,2026-07-28,active,2026-07-28T01:05:00+00:00,2026-07-28T01:13:00+00:00,,2026-07-28T07:55:00+00:00,,9,8.0,,DL9478,Delta Air Lines
2026-07-28T09:21:05.599174,BLR-AMS,2026-07-28,active,2026-07-28T01:05:00+00:00,2026-07-28T01:13:00+00:00,,2026-07-28T07:55:00+00:00,,9,8.0,,AF3126,Air France
2026-07-28T09:21:05.599192,BLR-AMS,2026-07-28,active,2026-07-28T01:05:00+00:00,2026-07-28T01:13:00+00:00,,2026-07-28T07:55:00+00:00,,,8.0,,KL880,KLM
2026-07-29T12:01:10.398278,BOM-FRA,2026-07-29,active,2026-07-29T11:40:00+00:00,,,2026-07-29T17:55:00+00:00,,10,,,LH7255,Lufthansa
2026-07-29T12:01:10.398352,BOM-FRA,2026-07-29,active,2026-07-29T11:40:00+00:00,,,2026-07-29T17:55:00+00:00,,10,,,AI2027,Air India
2026-07-29T12:01:10.398366,BOM-FRA,2026-07-29,scheduled,2026-07-29T08:10:00+00:00,,,2026-07-29T13:30:00+00:00,,,,,D0623,DHL Air
2026-07-29T12:01:10.398375,BOM-FRA,2026-07-29,active,2026-07-29T02:40:00+00:00,2026-07-29T03:01:00+00:00,6,2026-07-29T08:05:00+00:00,,21,21.0,,AZ4813,Alitalia
2026-07-29T12:01:10.398404,BOM-FRA,2026-07-29,active,2026-07-29T02:40:00+00:00,2026-07-29T03:01:00+00:00,6,2026-07-29T08:05:00+00:00,,21,21.0,,AI8757,Air India
2026-07-29T12:01:10.398416,BOM-FRA,2026-07-29,active,2026-07-29T02:40:00+00:00,2026-07-29T03:01:00+00:00,6,2026-07-29T08:05:00+00:00,,21,21.0,,AC9355,Air Canada
2026-07-29T12:01:10.398426,BOM-FRA,2026-07-29,landed,2026-07-29T02:40:00+00:00,2026-07-29T03:01:00+00:00,4,2026-07-29T08:05:00+00:00,2026-07-29T08:05:00+00:00,,21.0,0.0,LH757,Lufthansa
2026-07-29T12:01:10.398438,BOM-FRA,2026-07-28,landed,2026-07-28T08:20:00+00:00,2026-07-28T08:57:00+00:00,7,2026-07-28T13:45:00+00:00,2026-07-28T13:52:00+00:00,7,37.0,7.0,GEC8363,Lufthansa Cargo
2026-07-29T12:01:10.398450,BOM-FRA,2026-07-28,scheduled,2026-07-28T08:20:00+00:00,,,2026-07-28T13:45:00+00:00,,,,,LH8363,Lufthansa
2026-07-29T12:01:10.398457,BOM-FRA,2026-07-28,landed,2026-07-28T02:40:00+00:00,2026-07-28T03:17:00+00:00,29,2026-07-28T08:05:00+00:00,2026-07-28T08:34:00+00:00,29,37.0,29.0,AZ4813,Alitalia
2026-07-29T12:01:10.398469,BOM-FRA,2026-07-28,landed,2026-07-28T02:40:00+00:00,2026-07-28T03:17:00+00:00,29,2026-07-28T08:05:00+00:00,2026-07-28T08:34:00+00:00,29,37.0,29.0,AI8757,Air India
2026-07-29T12:01:10.398480,BOM-FRA,2026-07-28,landed,2026-07-28T02:40:00+00:00,2026-07-28T03:17:00+00:00,29,2026-07-28T08:05:00+00:00,2026-07-28T08:34:00+00:00,29,37.0,29.0,AC9355,Air Canada
2026-07-29T12:01:10.398491,BOM-FRA,2026-07-28,landed,2026-07-28T02:40:00+00:00,2026-07-28T03:17:00+00:00,29,2026-07-28T08:05:00+00:00,2026-07-28T08:34:00+00:00,29,37.0,29.0,LH757,Lufthansa
2026-07-29T12:01:32.000869,DEL-CDG,2026-07-29,active,2026-07-29T12:10:00+00:00,,,2026-07-29T19:15:00+00:00,,10,,,SQ4931,Singapore Airlines
2026-07-29T12:01:32.000908,DEL-CDG,2026-07-29,active,2026-07-29T09:38:00+00:00,2026-07-29T10:09:00+00:00,110,2026-07-29T15:40:00+00:00,,32,31.0,,FX5279,FedEx
2026-07-29T12:01:32.000944,DEL-CDG,2026-07-29,active,2026-07-29T12:10:00+00:00,,,2026-07-29T19:15:00+00:00,,10,,,AI143,Air India
2026-07-29T12:01:32.000958,DEL-CDG,2026-07-29,landed,2026-07-29T00:50:00+00:00,2026-07-29T01:13:00+00:00,,2026-07-29T06:25:00+00:00,2026-07-29T06:05:00+00:00,,23.0,-20.0,KL2369,KLM
2026-07-29T12:01:32.000984,DEL-CDG,2026-07-29,landed,2026-07-29T00:50:00+00:00,2026-07-29T01:13:00+00:00,,2026-07-29T06:25:00+00:00,2026-07-29T06:05:00+00:00,,23.0,-20.0,DL8293,Delta Air Lines
2026-07-29T12:01:32.001005,DEL-CDG,2026-07-29,landed,2026-07-29T00:50:00+00:00,2026-07-29T01:13:00+00:00,,2026-07-29T06:25:00+00:00,2026-07-29T06:05:00+00:00,,23.0,-20.0,AF283,Air France
2026-07-29T12:01:32.001026,DEL-CDG,2026-07-28,landed,2026-07-28T12:10:00+00:00,2026-07-28T13:02:00+00:00,2,2026-07-28T19:15:00+00:00,2026-07-28T19:17:00+00:00,2,52.0,2.0,SQ4931,Singapore Airlines
2026-07-29T12:01:32.001049,DEL-CDG,2026-07-28,landed,2026-07-28T09:38:00+00:00,2026-07-28T09:59:00+00:00,,2026-07-28T15:40:00+00:00,2026-07-28T15:30:00+00:00,,21.0,-10.0,FX5279,FedEx
2026-07-29T12:01:32.001071,DEL-CDG,2026-07-28,landed,2026-07-28T12:10:00+00:00,2026-07-28T13:02:00+00:00,2,2026-07-28T19:15:00+00:00,2026-07-28T19:17:00+00:00,2,52.0,2.0,AI143,Air India
2026-07-29T12:01:32.001093,DEL-CDG,2026-07-28,landed,2026-07-28T00:50:00+00:00,2026-07-28T01:15:00+00:00,,2026-07-28T06:25:00+00:00,2026-07-28T06:22:00+00:00,,25.0,-3.0,KL2369,KLM
2026-07-29T12:01:32.001114,DEL-CDG,2026-07-28,landed,2026-07-28T00:50:00+00:00,2026-07-28T01:15:00+00:00,,2026-07-28T06:25:00+00:00,2026-07-28T06:22:00+00:00,,25.0,-3.0,DL8293,Delta Air Lines
2026-07-29T12:01:32.001135,DEL-CDG,2026-07-28,landed,2026-07-28T00:50:00+00:00,2026-07-28T01:15:00+00:00,,2026-07-28T06:25:00+00:00,2026-07-28T06:22:00+00:00,,25.0,-3.0,AF283,Air France
2026-07-29T12:01:53.712497,BLR-AMS,2026-07-29,active,2026-07-29T01:05:00+00:00,2026-07-29T01:26:00+00:00,,2026-07-29T07:55:00+00:00,,22,21.0,,DL9478,Delta Air Lines
2026-07-29T12:01:53.712542,BLR-AMS,2026-07-29,active,2026-07-29T01:05:00+00:00,2026-07-29T01:26:00+00:00,,2026-07-29T07:55:00+00:00,,22,21.0,,AF3126,Air France
2026-07-29T12:01:53.712554,BLR-AMS,2026-07-29,landed,2026-07-29T01:05:00+00:00,2026-07-29T01:26:00+00:00,,2026-07-29T07:55:00+00:00,2026-07-29T07:36:00+00:00,,21.0,-19.0,KL880,KLM
2026-07-29T12:01:53.712569,BLR-AMS,2026-07-28,landed,2026-07-28T01:05:00+00:00,2026-07-28T01:13:00+00:00,,2026-07-28T07:55:00+00:00,2026-07-28T07:31:00+00:00,,8.0,-24.0,DL9478,Delta Air Lines
2026-07-29T12:01:53.712583,BLR-AMS,2026-07-28,landed,2026-07-28T01:05:00+00:00,2026-07-28T01:13:00+00:00,,2026-07-28T07:55:00+00:00,2026-07-28T07:31:00+00:00,,8.0,-24.0,AF3126,Air France
2026-07-29T12:01:53.712594,BLR-AMS,2026-07-28,landed,2026-07-28T01:05:00+00:00,2026-07-28T01:13:00+00:00,,2026-07-28T07:55:00+00:00,2026-07-28T07:31:00+00:00,,8.0,-24.0,KL880,KLM
2026-07-30T12:26:10.617807,BOM-FRA,2026-07-30,active,2026-07-30T11:40:00+00:00,,,2026-07-30T17:55:00+00:00,,10,,,AI2027,Air India
2026-07-30T12:26:10.618032,BOM-FRA,2026-07-30,active,2026-07-30T11:40:00+00:00,,,2026-07-30T17:55:00+00:00,,10,,,LH7255,Lufthansa
2026-07-30T12:26:10.618060,BOM-FRA,2026-07-30,active,2026-07-30T02:40:00+00:00,2026-07-30T03:12:00+00:00,19,2026-07-30T08:05:00+00:00,,33,32.0,,AZ4813,Alitalia
2026-07-30T12:26:10.618122,BOM-FRA,2026-07-30,active,2026-07-30T02:40:00+00:00,2026-07-30T03:12:00+00:00,19,2026-07-30T08:05:00+00:00,,33,32.0,,AI8757,Air India
2026-07-30T12:26:10.618145,BOM-FRA,2026-07-30,active,2026-07-30T02:40:00+00:00,2026-07-30T03:12:00+00:00,19,2026-07-30T08:05:00+00:00,,33,32.0,,AC9355,Air Canada
2026-07-30T12:26:10.618162,BOM-FRA,2026-07-30,landed,2026-07-30T02:40:00+00:00,2026-07-30T03:12:00+00:00,9,2026-07-30T08:05:00+00:00,2026-07-30T08:14:00+00:00,9,32.0,9.0,LH757,Lufthansa
2026-07-30T12:26:10.618183,BOM-FRA,2026-07-29,landed,2026-07-29T11:40:00+00:00,2026-07-29T11:59:00+00:00,,2026-07-29T17:55:00+00:00,2026-07-29T17:09:00+00:00,,19.0,-46.0,LH7255,Lufthansa
2026-07-30T12:26:10.618211,BOM-FRA,2026-07-29,landed,2026-07-29T11:40:00+00:00,2026-07-29T11:59:00+00:00,,2026-07-29T17:55:00+00:00,2026-07-29T17:09:00+00:00,,19.0,-46.0,AI2027,Air India
2026-07-30T12:26:10.618233,BOM-FRA,2026-07-29,landed,2026-07-29T08:10:00+00:00,2026-07-29T08:59:00+00:00,6,2026-07-29T13:30:00+00:00,2026-07-29T13:36:00+00:00,6,49.0,6.0,D0623,DHL Air
2026-07-30T12:26:10.618262,BOM-FRA,2026-07-29,landed,2026-07-29T02:40:00+00:00,2026-07-29T03:01:00+00:00,6,2026-07-29T08:05:00+00:00,2026-07-29T08:05:00+00:00,,21.0,0.0,AZ4813,Alitalia
2026-07-30T12:26:10.618285,BOM-FRA,2026-07-29,landed,2026-07-29T02:40:00+00:00,2026-07-29T03:01:00+00:00,6,2026-07-29T08:05:00+00:00,2026-07-29T08:05:00+00:00,,21.0,0.0,AI8757,Air India
2026-07-30T12:26:10.618313,BOM-FRA,2026-07-29,landed,2026-07-29T02:40:00+00:00,2026-07-29T03:01:00+00:00,6,2026-07-29T08:05:00+00:00,2026-07-29T08:05:00+00:00,,21.0,0.0,AC9355,Air Canada
2026-07-30T12:26:10.618338,BOM-FRA,2026-07-29,landed,2026-07-29T02:40:00+00:00,2026-07-29T03:01:00+00:00,4,2026-07-29T08:05:00+00:00,2026-07-29T08:05:00+00:00,,21.0,0.0,LH757,Lufthansa
2026-07-30T12:26:11.192357,DEL-CDG,2026-07-30,active,2026-07-30T12:10:00+00:00,,,2026-07-30T19:15:00+00:00,,10,,,SQ4931,Singapore Airlines
2026-07-30T12:26:11.192394,DEL-CDG,2026-07-30,active,2026-07-30T09:38:00+00:00,2026-07-30T09:52:00+00:00,17,2026-07-30T15:40:00+00:00,,14,14.0,,FX5279,FedEx
2026-07-30T12:26:11.192423,DEL-CDG,2026-07-30,active,2026-07-30T12:10:00+00:00,,,2026-07-30T19:15:00+00:00,,10,,,AI143,Air India
2026-07-30T12:26:11.192434,DEL-CDG,2026-07-30,landed,2026-07-30T00:50:00+00:00,2026-07-30T01:12:00+00:00,,2026-07-30T06:25:00+00:00,2026-07-30T06:02:00+00:00,,22.0,-23.0,KL2369,KLM
2026-07-30T12:26:11.192451,DEL-CDG,2026-07-30,landed,2026-07-30T00:50:00+00:00,2026-07-30T01:12:00+00:00,,2026-07-30T06:25:00+00:00,2026-07-30T06:02:00+00:00,,22.0,-23.0,DL8293,Delta Air Lines
2026-07-30T12:26:11.192464,DEL-CDG,2026-07-30,scheduled,2026-07-30T04:05:00+00:00,2026-07-30T04:28:00+00:00,30,2026-07-30T10:05:00+00:00,,,23.0,,CX37,Cathay Pacific
2026-07-30T12:26:11.192475,DEL-CDG,2026-07-30,landed,2026-07-30T00:50:00+00:00,2026-07-30T01:12:00+00:00,,2026-07-30T06:25:00+00:00,2026-07-30T06:02:00+00:00,,22.0,-23.0,AF283,Air France
2026-07-30T12:26:11.192490,DEL-CDG,2026-07-29,landed,2026-07-29T12:10:00+00:00,2026-07-29T12:25:00+00:00,64,2026-07-29T19:15:00+00:00,2026-07-29T18:23:00+00:00,,15.0,-52.0,SQ4931,Singapore Airlines
2026-07-30T12:26:11.192505,DEL-CDG,2026-07-29,scheduled,2026-07-29T09:38:00+00:00,2026-07-29T10:09:00+00:00,57,2026-07-29T15:40:00+00:00,,57,31.0,,FX5279,FedEx
2026-07-30T12:26:11.192515,DEL-CDG,2026-07-29,landed,2026-07-29T12:10:00+00:00,2026-07-29T12:25:00+00:00,64,2026-07-29T19:15:00+00:00,2026-07-29T18:23:00+00:00,,15.0,-52.0,AI143,Air India
2026-07-30T12:26:11.192529,DEL-CDG,2026-07-29,landed,2026-07-29T00:50:00+00:00,2026-07-29T01:13:00+00:00,,2026-07-29T06:25:00+00:00,2026-07-29T06:05:00+00:00,,23.0,-20.0,KL2369,KLM
2026-07-30T12:26:11.192546,DEL-CDG,2026-07-29,landed,2026-07-29T00:50:00+00:00,2026-07-29T01:13:00+00:00,,2026-07-29T06:25:00+00:00,2026-07-29T06:05:00+00:00,,23.0,-20.0,DL8293,Delta Air Lines
2026-07-30T12:26:11.192561,DEL-CDG,2026-07-29,landed,2026-07-29T00:50:00+00:00,2026-07-29T01:13:00+00:00,,2026-07-29T06:25:00+00:00,2026-07-29T06:05:00+00:00,,23.0,-20.0,AF283,Air France
2026-07-30T12:26:11.782484,BLR-AMS,2026-07-30,active,2026-07-30T10:10:00+00:00,2026-07-30T10:19:00+00:00,,2026-07-30T16:50:00+00:00,,10,9.0,,SQ7352,Singapore Airlines
2026-07-30T12:26:11.782538,BLR-AMS,2026-07-30,landed,2026-07-30T01:05:00+00:00,2026-07-30T01:17:00+00:00,,2026-07-30T07:55:00+00:00,2026-07-30T07:27:00+00:00,,12.0,-28.0,DL9478,Delta Air Lines
2026-07-30T12:26:11.782552,BLR-AMS,2026-07-30,landed,2026-07-30T01:05:00+00:00,2026-07-30T01:17:00+00:00,,2026-07-30T07:55:00+00:00,2026-07-30T07:27:00+00:00,,12.0,-28.0,AF3126,Air France
2026-07-30T12:26:11.782562,BLR-AMS,2026-07-30,landed,2026-07-30T01:05:00+00:00,2026-07-30T01:17:00+00:00,,2026-07-30T07:55:00+00:00,2026-07-30T07:27:00+00:00,,12.0,-28.0,KL880,KLM
2026-07-30T12:26:11.782570,BLR-AMS,2026-07-29,landed,2026-07-29T01:05:00+00:00,2026-07-29T01:26:00+00:00,,2026-07-29T07:55:00+00:00,2026-07-29T07:36:00+00:00,,21.0,-19.0,DL9478,Delta Air Lines
2026-07-30T12:26:11.782579,BLR-AMS,2026-07-29,landed,2026-07-29T01:05:00+00:00,2026-07-29T01:26:00+00:00,,2026-07-29T07:55:00+00:00,2026-07-29T07:36:00+00:00,,21.0,-19.0,AF3126,Air France
2026-07-30T12:26:11.782588,BLR-AMS,2026-07-29,landed,2026-07-29T01:05:00+00:00,2026-07-29T01:26:00+00:00,,2026-07-29T07:55:00+00:00,2026-07-29T07:36:00+00:00,,21.0,-19.0,KL880,KLM
2026-07-31T12:08:00.580992,BOM-FRA,2026-07-31,active,2026-07-31T02:40:00+00:00,,,2026-07-31T08:05:00+00:00,,192,,,AZ4813,Alitalia
2026-07-31T12:08:00.581123,BOM-FRA,2026-07-31,active,2026-07-31T02:40:00+00:00,,,2026-07-31T08:05:00+00:00,,192,,,AI8757,Air India
2026-07-31T12:08:00.581148,BOM-FRA,2026-07-31,active,2026-07-31T02:40:00+00:00,,,2026-07-31T08:05:00+00:00,,192,,,AC9355,Air Canada
2026-07-31T12:08:00.581164,BOM-FRA,2026-07-31,scheduled,2026-07-31T02:40:00+00:00,2026-07-31T06:39:00+00:00,224,2026-07-31T08:05:00+00:00,,223,239.0,,LH757,Lufthansa
2026-07-31T12:08:00.581217,BOM-FRA,2026-07-30,landed,2026-07-30T11:40:00+00:00,2026-07-30T12:09:00+00:00,,2026-07-30T17:55:00+00:00,2026-07-30T17:10:00+00:00,,29.0,-45.0,AI2027,Air India
2026-07-31T12:08:00.581248,BOM-FRA,2026-07-30,landed,2026-07-30T11:40:00+00:00,2026-07-30T12:09:00+00:00,,2026-07-30T17:55:00+00:00,2026-07-30T17:10:00+00:00,,29.0,-45.0,LH7255,Lufthansa
2026-07-31T12:08:00.581306,BOM-FRA,2026-07-30,landed,2026-07-30T02:40:00+00:00,2026-07-30T03:12:00+00:00,9,2026-07-30T08:05:00+00:00,2026-07-30T08:14:00+00:00,9,32.0,9.0,AZ4813,Alitalia
2026-07-31T12:08:00.581329,BOM-FRA,2026-07-30,landed,2026-07-30T02:40:00+00:00,2026-07-30T03:12:00+00:00,9,2026-07-30T08:05:00+00:00,2026-07-30T08:14:00+00:00,9,32.0,9.0,AI8757,Air India
2026-07-31T12:08:00.581349,BOM-FRA,2026-07-30,landed,2026-07-30T02:40:00+00:00,2026-07-30T03:12:00+00:00,9,2026-07-30T08:05:00+00:00,2026-07-30T08:14:00+00:00,9,32.0,9.0,AC9355,Air Canada
2026-07-31T12:08:00.581369,BOM-FRA,2026-07-30,landed,2026-07-30T02:40:00+00:00,2026-07-30T03:12:00+00:00,9,2026-07-30T08:05:00+00:00,2026-07-30T08:14:00+00:00,9,32.0,9.0,LH757,Lufthansa
2026-07-31T12:08:01.098621,DEL-CDG,2026-07-31,active,2026-07-31T12:10:00+00:00,,,2026-07-31T19:15:00+00:00,,10,,,SQ4931,Singapore Airlines
2026-07-31T12:08:01.098641,DEL-CDG,2026-07-31,active,2026-07-31T09:38:00+00:00,2026-07-31T10:05:00+00:00,125,2026-07-31T15:40:00+00:00,,27,27.0,,FX5279,FedEx
2026-07-31T12:08:01.098660,DEL-CDG,2026-07-31,active,2026-07-31T12:10:00+00:00,,,2026-07-31T19:15:00+00:00,,10,,,AI143,Air India
2026-07-31T12:08:01.098666,DEL-CDG,2026-07-31,landed,2026-07-31T00:50:00+00:00,2026-07-31T01:22:00+00:00,,2026-07-31T06:25:00+00:00,2026-07-31T06:16:00+00:00,,32.0,-9.0,KL2369,KLM
2026-07-31T12:08:01.098676,DEL-CDG,2026-07-31,landed,2026-07-31T00:50:00+00:00,2026-07-31T01:22:00+00:00,,2026-07-31T06:25:00+00:00,2026-07-31T06:16:00+00:00,,32.0,-9.0,DL8293,Delta Air Lines
2026-07-31T12:08:01.098685,DEL-CDG,2026-07-31,landed,2026-07-31T00:50:00+00:00,2026-07-31T01:22:00+00:00,,2026-07-31T06:25:00+00:00,2026-07-31T06:16:00+00:00,,32.0,-9.0,AF283,Air France
2026-07-31T12:08:01.098693,DEL-CDG,2026-07-30,landed,2026-07-30T12:10:00+00:00,2026-07-30T12:51:00+00:00,3,2026-07-30T19:15:00+00:00,2026-07-30T18:50:00+00:00,,41.0,-25.0,SQ4931,Singapore Airlines
2026-07-31T12:08:01.098703,DEL-CDG,2026-07-30,landed,2026-07-30T09:38:00+00:00,2026-07-30T09:52:00+00:00,41,2026-07-30T15:40:00+00:00,2026-07-30T16:21:00+00:00,41,14.0,41.0,FX5279,FedEx
2026-07-31T12:08:01.098711,DEL-CDG,2026-07-30,landed,2026-07-30T12:10:00+00:00,2026-07-30T12:51:00+00:00,3,2026-07-30T19:15:00+00:00,2026-07-30T18:50:00+00:00,,41.0,-25.0,AI143,Air India
2026-07-31T12:08:01.098720,DEL-CDG,2026-07-30,landed,2026-07-30T00:50:00+00:00,2026-07-30T01:12:00+00:00,,2026-07-30T06:25:00+00:00,2026-07-30T06:02:00+00:00,,22.0,-23.0,KL2369,KLM
2026-07-31T12:08:01.098729,DEL-CDG,2026-07-30,landed,2026-07-30T00:50:00+00:00,2026-07-30T01:12:00+00:00,,2026-07-30T06:25:00+00:00,2026-07-30T06:02:00+00:00,,22.0,-23.0,DL8293,Delta Air Lines
2026-07-31T12:08:01.098737,DEL-CDG,2026-07-30,landed,2026-07-30T04:05:00+00:00,2026-07-30T04:28:00+00:00,30,2026-07-30T10:05:00+00:00,2026-07-30T09:48:00+00:00,,23.0,-17.0,CX37,Cathay Pacific
2026-07-31T12:08:01.098745,DEL-CDG,2026-07-30,landed,2026-07-30T00:50:00+00:00,2026-07-30T01:12:00+00:00,,2026-07-30T06:25:00+00:00,2026-07-30T06:02:00+00:00,,22.0,-23.0,AF283,Air France
2026-07-31T12:08:01.428517,BLR-AMS,2026-07-31,landed,2026-07-31T01:05:00+00:00,2026-07-31T01:33:00+00:00,,2026-07-31T07:55:00+00:00,2026-07-31T07:43:00+00:00,,28.0,-12.0,DL9478,Delta Air Lines
2026-07-31T12:08:01.428592,BLR-AMS,2026-07-31,landed,2026-07-31T01:05:00+00:00,2026-07-31T01:33:00+00:00,,2026-07-31T07:55:00+00:00,2026-07-31T07:43:00+00:00,,28.0,-12.0,AF3126,Air France
2026-07-31T12:08:01.428618,BLR-AMS,2026-07-31,landed,2026-07-31T01:05:00+00:00,2026-07-31T01:33:00+00:00,,2026-07-31T07:55:00+00:00,2026-07-31T07:43:00+00:00,,28.0,-12.0,KL880,KLM
2026-07-31T12:08:01.428641,BLR-AMS,2026-07-30,landed,2026-07-30T10:10:00+00:00,2026-07-30T10:19:00+00:00,,2026-07-30T16:50:00+00:00,2026-07-30T16:28:00+00:00,,9.0,-22.0,SQ7352,Singapore Airlines
2026-07-31T12:08:01.428663,BLR-AMS,2026-07-30,landed,2026-07-30T01:05:00+00:00,2026-07-30T01:17:00+00:00,,2026-07-30T07:55:00+00:00,2026-07-30T07:27:00+00:00,,12.0,-28.0,DL9478,Delta Air Lines
2026-07-31T12:08:01.428684,BLR-AMS,2026-07-30,landed,2026-07-30T01:05:00+00:00,2026-07-30T01:17:00+00:00,,2026-07-30T07:55:00+00:00,2026-07-30T07:27:00+00:00,,12.0,-28.0,AF3126,Air France
2026-07-31T12:08:01.428705,BLR-AMS,2026-07-30,landed,2026-07-30T01:05:00+00:00,2026-07-30T01:17:00+00:00,,2026-07-30T07:55:00+00:00,2026-07-30T07:27:00+00:00,,12.0,-28.0,KL880,KLM
2026-08-01T10:46:13.682302,BOM-FRA,2026-08-01,scheduled,2026-08-01T11:50:00+00:00,,,2026-08-01T17:55:00+00:00,,10,,,LH7255,Lufthansa
2026-08-01T10:46:13.682358,BOM-FRA,2026-08-01,scheduled,2026-08-01T11:50:00+00:00,,,2026-08-01T17:55:00+00:00,,10,,,AI2027,Air India
2026-08-01T10:46:13.682368,BOM-FRA,2026-08-01,active,2026-08-01T02:40:00+00:00,2026-08-01T03:29:00+00:00,36,2026-08-01T08:05:00+00:00,,49,49.0,,AZ4813,Alitalia
2026-08-01T10:46:13.682391,BOM-FRA,2026-08-01,active,2026-08-01T02:40:00+00:00,2026-08-01T03:29:00+00:00,36,2026-08-01T08:05:00+00:00,,49,49.0,,AI8757,Air India
2026-08-01T10:46:13.682401,BOM-FRA,2026-08-01,active,2026-08-01T02:40:00+00:00,2026-08-01T03:29:00+00:00,36,2026-08-01T08:05:00+00:00,,49,49.0,,AC9355,Air Canada
2026-08-01T10:46:13.682408,BOM-FRA,2026-08-01,scheduled,2026-08-01T02:40:00+00:00,2026-08-01T03:29:00+00:00,19,2026-08-01T08:05:00+00:00,,19,49.0,,LH757,Lufthansa
2026-08-01T10:46:13.682415,BOM-FRA,2026-07-31,scheduled,2026-07-31T02:40:00+00:00,2026-07-31T06:39:00+00:00,222,2026-07-31T08:05:00+00:00,,221,239.0,,AZ4813,Alitalia
2026-08-01T10:46:13.682423,BOM-FRA,2026-07-31,scheduled,2026-07-31T02:40:00+00:00,2026-07-31T06:39:00+00:00,222,2026-07-31T08:05:00+00:00,,221,239.0,,AI8757,Air India
2026-08-01T10:46:13.682430,BOM-FRA,2026-07-31,scheduled,2026-07-31T02:40:00+00:00,2026-07-31T06:39:00+00:00,222,2026-07-31T08:05:00+00:00,,221,239.0,,AC9355,Air Canada
2026-08-01T10:46:13.682437,BOM-FRA,2026-07-31,scheduled,2026-07-31T02:40:00+00:00,2026-07-31T06:39:00+00:00,222,2026-07-31T08:05:00+00:00,,221,239.0,,LH757,Lufthansa
2026-08-01T10:46:14.174023,DEL-CDG,2026-08-01,active,2026-08-01T09:38:00+00:00,2026-08-01T09:51:00+00:00,39,2026-08-01T15:40:00+00:00,,14,13.0,,FX5279,FedEx
2026-08-01T10:46:14.174059,DEL-CDG,2026-08-01,scheduled,2026-08-01T12:10:00+00:00,,,2026-08-01T19:15:00+00:00,,,,,AI143,Air India
2026-08-01T10:46:14.174066,DEL-CDG,2026-08-01,landed,2026-08-01T00:50:00+00:00,2026-08-01T01:14:00+00:00,,2026-08-01T06:25:00+00:00,2026-08-01T06:00:00+00:00,,24.0,-25.0,KL2369,KLM
2026-08-01T10:46:14.174077,DEL-CDG,2026-08-01,landed,2026-08-01T00:50:00+00:00,2026-08-01T01:14:00+00:00,,2026-08-01T06:25:00+00:00,2026-08-01T06:00:00+00:00,,24.0,-25.0,DL8293,Delta Air Lines
2026-08-01T10:46:14.174087,DEL-CDG,2026-08-01,landed,2026-08-01T00:50:00+00:00,2026-08-01T01:14:00+00:00,,2026-08-01T06:25:00+00:00,2026-08-01T06:00:00+00:00,,24.0,-25.0,AF283,Air France
2026-08-01T10:46:14.174096,DEL-CDG,2026-07-31,landed,2026-07-31T12:10:00+00:00,2026-07-31T12:42:00+00:00,52,2026-07-31T19:15:00+00:00,2026-07-31T18:38:00+00:00,,32.0,-37.0,SQ4931,Singapore Airlines
2026-08-01T10:46:14.174105,DEL-CDG,2026-07-31,scheduled,2026-07-31T09:38:00+00:00,2026-07-31T10:05:00+00:00,59,2026-07-31T16:06:00+00:00,,,27.0,,FX5279,FedEx
2026-08-01T10:46:14.174112,DEL-CDG,2026-07-31,landed,2026-07-31T12:10:00+00:00,2026-07-31T12:42:00+00:00,52,2026-07-31T19:15:00+00:00,2026-07-31T18:38:00+00:00,,32.0,-37.0,AI143,Air India
2026-08-01T10:46:14.174120,DEL-CDG,2026-07-31,landed,2026-07-31T00:50:00+00:00,2026-07-31T01:22:00+00:00,,2026-07-31T06:25:00+00:00,2026-07-31T06:16:00+00:00,,32.0,-9.0,KL2369,KLM
2026-08-01T10:46:14.174129,DEL-CDG,2026-07-31,landed,2026-07-31T00:50:00+00:00,2026-07-31T01:22:00+00:00,,2026-07-31T06:25:00+00:00,2026-07-31T06:16:00+00:00,,32.0,-9.0,DL8293,Delta Air Lines
2026-08-01T10:46:14.174137,DEL-CDG,2026-07-31,landed,2026-07-31T00:50:00+00:00,2026-07-31T01:22:00+00:00,,2026-07-31T06:25:00+00:00,2026-07-31T06:16:00+00:00,,32.0,-9.0,AF283,Air France
2026-08-01T10:46:14.514746,BLR-AMS,2026-08-01,active,2026-08-01T09:35:00+00:00,2026-08-01T09:50:00+00:00,,2026-08-01T16:15:00+00:00,,16,15.0,,SQ7352,Singapore Airlines
2026-08-01T10:46:14.514777,BLR-AMS,2026-07-31,landed,2026-07-31T01:05:00+00:00,2026-07-31T01:33:00+00:00,,2026-07-31T07:55:00+00:00,2026-07-31T07:43:00+00:00,,28.0,-12.0,DL9478,Delta Air Lines
2026-08-01T10:46:14.514790,BLR-AMS,2026-07-31,landed,2026-07-31T01:05:00+00:00,2026-07-31T01:33:00+00:00,,2026-07-31T07:55:00+00:00,2026-07-31T07:43:00+00:00,,28.0,-12.0,AF3126,Air France
2026-08-01T10:46:14.514800,BLR-AMS,2026-07-31,landed,2026-07-31T01:05:00+00:00,2026-07-31T01:33:00+00:00,,2026-07-31T07:55:00+00:00,2026-07-31T07:43:00+00:00,,28.0,-12.0,KL880,KLM
2026-08-02T11:12:27.375591,BOM-FRA,2026-08-02,active,2026-08-02T11:50:00+00:00,,,2026-08-02T17:55:00+00:00,,30,,,AI2027,Air India
2026-08-02T11:12:27.375654,BOM-FRA,2026-08-02,active,2026-08-02T11:50:00+00:00,,,2026-08-02T17:55:00+00:00,,30,,,LH7255,Lufthansa
2026-08-02T11:12:27.375665,BOM-FRA,2026-08-02,active,2026-08-02T08:10:00+00:00,2026-08-02T08:49:00+00:00,11,2026-08-02T13:30:00+00:00,,39,39.0,,3S623,AeroLogic
2026-08-02T11:12:27.375692,BOM-FRA,2026-08-02,active,2026-08-02T02:40:00+00:00,2026-08-02T03:18:00+00:00,29,2026-08-02T08:05:00+00:00,,39,38.0,,AZ4813,Alitalia
2026-08-02T11:12:27.375701,BOM-FRA,2026-08-02,active,2026-08-02T02:40:00+00:00,2026-08-02T03:18:00+00:00,29,2026-08-02T08:05:00+00:00,,39,38.0,,AI8757,Air India
2026-08-02T11:12:27.375708,BOM-FRA,2026-08-02,active,2026-08-02T02:40:00+00:00,2026-08-02T03:18:00+00:00,29,2026-08-02T08:05:00+00:00,,39,38.0,,AC9355,Air Canada
2026-08-02T11:12:27.375715,BOM-FRA,2026-08-02,scheduled,2026-08-02T02:40:00+00:00,2026-08-02T03:18:00+00:00,23,2026-08-02T08:05:00+00:00,,23,38.0,,LH757,Lufthansa
2026-08-02T11:12:27.375722,BOM-FRA,2026-08-01,landed,2026-08-01T11:50:00+00:00,2026-08-01T12:14:00+00:00,,2026-08-01T17:55:00+00:00,2026-08-01T17:10:00+00:00,,24.0,-45.0,LH7255,Lufthansa
2026-08-02T11:12:27.375732,BOM-FRA,2026-08-01,landed,2026-08-01T11:50:00+00:00,2026-08-01T12:14:00+00:00,,2026-08-01T17:55:00+00:00,2026-08-01T17:10:00+00:00,,24.0,-45.0,AI2027,Air India
2026-08-02T11:12:27.375741,BOM-FRA,2026-08-01,landed,2026-08-01T02:40:00+00:00,2026-08-01T03:29:00+00:00,13,2026-08-01T08:05:00+00:00,2026-08-01T08:18:00+00:00,13,49.0,13.0,AZ4813,Alitalia
2026-08-02T11:12:27.375749,BOM-FRA,2026-08-01,landed,2026-08-01T02:40:00+00:00,2026-08-01T03:29:00+00:00,13,2026-08-01T08:05:00+00:00,2026-08-01T08:18:00+00:00,13,49.0,13.0,AI8757,Air India
2026-08-02T11:12:27.375758,BOM-FRA,2026-08-01,landed,2026-08-01T02:40:00+00:00,2026-08-01T03:29:00+00:00,13,2026-08-01T08:05:00+00:00,2026-08-01T08:18:00+00:00,13,49.0,13.0,AC9355,Air Canada
2026-08-02T11:12:27.375766,BOM-FRA,2026-08-01,landed,2026-08-01T02:40:00+00:00,2026-08-01T03:29:00+00:00,13,2026-08-01T08:05:00+00:00,2026-08-01T08:18:00+00:00,13,49.0,13.0,LH757,Lufthansa
2026-08-02T11:12:27.724631,DEL-CDG,2026-08-02,scheduled,2026-08-02T12:10:00+00:00,,,2026-08-02T19:15:00+00:00,,10,,,AI143,Air India
2026-08-02T11:12:27.724658,DEL-CDG,2026-08-02,landed,2026-08-02T00:50:00+00:00,2026-08-02T01:12:00+00:00,,2026-08-02T06:25:00+00:00,2026-08-02T05:57:00+00:00,,22.0,-28.0,KL2369,KLM
2026-08-02T11:12:27.724682,DEL-CDG,2026-08-02,landed,2026-08-02T00:50:00+00:00,2026-08-02T01:12:00+00:00,,2026-08-02T06:25:00+00:00,2026-08-02T05:57:00+00:00,,22.0,-28.0,DL8293,Delta Air Lines
2026-08-02T11:12:27.724693,DEL-CDG,2026-08-02,landed,2026-08-02T00:50:00+00:00,2026-08-02T01:12:00+00:00,,2026-08-02T06:25:00+00:00,2026-08-02T05:57:00+00:00,,22.0,-28.0,AF283,Air France
2026-08-02T11:12:27.724702,DEL-CDG,2026-08-01,landed,2026-08-01T12:10:00+00:00,2026-08-01T12:27:00+00:00,34,2026-08-01T19:15:00+00:00,2026-08-01T18:16:00+00:00,,17.0,-59.0,SQ4931,Singapore Airlines
2026-08-02T11:12:27.724711,DEL-CDG,2026-08-01,landed,2026-08-01T09:38:00+00:00,2026-08-01T09:51:00+00:00,37,2026-08-01T15:40:00+00:00,2026-08-01T15:03:00+00:00,,13.0,-37.0,FX5279,FedEx
2026-08-02T11:12:27.724720,DEL-CDG,2026-08-01,landed,2026-08-01T12:10:00+00:00,2026-08-01T12:27:00+00:00,34,2026-08-01T19:15:00+00:00,2026-08-01T18:16:00+00:00,,17.0,-59.0,AI143,Air India
2026-08-02T11:12:27.724728,DEL-CDG,2026-08-01,landed,2026-08-01T00:50:00+00:00,2026-08-01T01:14:00+00:00,,2026-08-01T06:25:00+00:00,2026-08-01T06:00:00+00:00,,24.0,-25.0,KL2369,KLM
2026-08-02T11:12:27.724736,DEL-CDG,2026-08-01,landed,2026-08-01T00:50:00+00:00,2026-08-01T01:14:00+00:00,,2026-08-01T06:25:00+00:00,2026-08-01T06:00:00+00:00,,24.0,-25.0,DL8293,Delta Air Lines
2026-08-02T11:12:27.724744,DEL-CDG,2026-08-01,landed,2026-08-01T00:50:00+00:00,2026-08-01T01:14:00+00:00,,2026-08-01T06:25:00+00:00,2026-08-01T06:00:00+00:00,,24.0,-25.0,AF283,Air France
2026-08-02T11:12:28.403919,BLR-AMS,2026-08-02,active,2026-08-02T01:00:00+00:00,2026-08-02T01:16:00+00:00,,2026-08-02T07:55:00+00:00,,17,16.0,,DL9478,Delta Air Lines
2026-08-02T11:12:28.403993,BLR-AMS,2026-08-02,active,2026-08-02T01:00:00+00:00,2026-08-02T01:16:00+00:00,,2026-08-02T07:55:00+00:00,,17,16.0,,AF3126,Air France
2026-08-02T11:12:28.404013,BLR-AMS,2026-08-02,landed,2026-08-02T01:00:00+00:00,2026-08-02T01:16:00+00:00,,2026-08-02T07:55:00+00:00,2026-08-02T07:03:00+00:00,,16.0,-52.0,KL880,KLM
2026-08-02T11:12:28.404034,BLR-AMS,2026-08-01,landed,2026-08-01T09:35:00+00:00,2026-08-01T09:50:00+00:00,,2026-08-01T16:15:00+00:00,2026-08-01T15:34:00+00:00,,15.0,-41.0,SQ7352,Singapore Airlines
2026-08-04T10:36:31.452407,DEL-LHR,2026-08-04,active,2026-08-04T10:05:00+00:00,,,2026-08-04T15:20:00+00:00,,,,,AA6664,American Airlines
2026-08-04T10:36:31.452488,DEL-LHR,2026-08-04,active,2026-08-04T10:05:00+00:00,,,2026-08-04T15:20:00+00:00,,,,,IB3609,Iberia
2026-08-04T10:36:31.452504,DEL-LHR,2026-08-04,active,2026-08-04T11:10:00+00:00,,,2026-08-04T16:15:00+00:00,,28,,,VN3195,Vietnam Airlines
2026-08-04T10:36:31.452516,DEL-LHR,2026-08-04,active,2026-08-04T11:10:00+00:00,,,2026-08-04T16:15:00+00:00,,28,,,DL5946,Delta Air Lines
2026-08-04T10:36:31.452525,DEL-LHR,2026-08-04,scheduled,2026-08-04T13:30:00+00:00,,,2026-08-04T20:00:00+00:00,,10,,,AI2015,Air India
2026-08-04T10:36:31.452534,DEL-LHR,2026-08-04,scheduled,2026-08-04T12:25:00+00:00,,,2026-08-04T19:00:00+00:00,,10,,,AI2017,Air India
2026-08-04T10:36:31.452542,DEL-LHR,2026-08-04,active,2026-08-04T11:10:00+00:00,,,2026-08-04T16:15:00+00:00,,28,,,VS301,Virgin Atlantic
2026-08-04T10:36:31.452551,DEL-LHR,2026-08-04,active,2026-08-04T10:30:00+00:00,,,2026-08-04T17:45:00+00:00,,20,,,6E3,IndiGo
2026-08-04T10:36:31.452559,DEL-LHR,2026-08-04,active,2026-08-04T10:05:00+00:00,,,2026-08-04T15:20:00+00:00,,,,,BA256,British Airways
2026-08-04T10:36:31.452567,DEL-LHR,2026-08-04,active,2026-08-04T04:55:00+00:00,2026-08-04T05:07:00+00:00,26,2026-08-04T11:30:00+00:00,,12,12.0,,AC6451,Air Canada
2026-08-04T10:36:31.452604,DEL-LHR,2026-08-04,active,2026-08-04T01:35:00+00:00,2026-08-04T02:06:00+00:00,,2026-08-04T06:50:00+00:00,,32,31.0,,AA6662,American Airlines
2026-08-04T10:36:31.452621,DEL-LHR,2026-08-04,active,2026-08-04T04:55:00+00:00,2026-08-04T05:07:00+00:00,26,2026-08-04T11:30:00+00:00,,,12.0,,AI111,Air India
2026-08-04T10:36:31.452635,DEL-LHR,2026-08-04,active,2026-08-04T04:55:00+00:00,2026-08-04T05:07:00+00:00,26,2026-08-04T11:30:00+00:00,,12,12.0,,TP7029,TAP Air Portugal
2026-08-04T10:36:31.452648,DEL-LHR,2026-08-04,active,2026-08-04T00:55:00+00:00,2026-08-04T01:09:00+00:00,33,2026-08-04T07:30:00+00:00,,15,14.0,,AC6453,Air Canada
2026-08-04T10:36:31.452660,DEL-LHR,2026-08-04,active,2026-08-04T00:55:00+00:00,2026-08-04T01:09:00+00:00,33,2026-08-04T07:30:00+00:00,,15,14.0,,TP7023,TAP Air Portugal
2026-08-04T10:36:31.452673,DEL-LHR,2026-08-04,active,2026-08-04T00:55:00+00:00,2026-08-04T01:09:00+00:00,33,2026-08-04T07:30:00+00:00,,15,14.0,,SQ4921,Singapore Airlines
2026-08-04T10:36:31.452685,DEL-LHR,2026-08-04,active,2026-08-04T02:05:00+00:00,2026-08-04T02:43:00+00:00,,2026-08-04T07:20:00+00:00,,38,38.0,,VN3193,Vietnam Airlines
2026-08-04T10:36:31.452698,DEL-LHR,2026-08-04,active,2026-08-04T02:05:00+00:00,2026-08-04T02:43:00+00:00,,2026-08-04T07:20:00+00:00,,38,38.0,,DL5949,Delta Air Lines
2026-08-04T10:36:31.452710,DEL-LHR,2026-08-04,active,2026-08-04T02:05:00+00:00,2026-08-04T02:43:00+00:00,,2026-08-04T07:20:00+00:00,,,38.0,,VS303,Virgin Atlantic
2026-08-04T10:36:31.452722,DEL-LHR,2026-08-04,active,2026-08-04T01:35:00+00:00,2026-08-04T02:06:00+00:00,,2026-08-04T06:50:00+00:00,,,31.0,,BA142,British Airways
2026-08-04T10:36:31.452734,DEL-LHR,2026-08-04,active,2026-08-04T00:55:00+00:00,2026-08-04T01:09:00+00:00,33,2026-08-04T07:30:00+00:00,,,14.0,,AI161,Air India
2026-08-04T10:36:31.452746,DEL-LHR,2026-08-03,landed,2026-08-03T11:10:00+00:00,2026-08-03T11:41:00+00:00,10,2026-08-03T16:15:00+00:00,2026-08-03T15:42:00+00:00,,31.0,-33.0,VN3195,Vietnam Airlines
2026-08-04T10:36:31.452763,DEL-LHR,2026-08-03,landed,2026-08-03T11:10:00+00:00,2026-08-03T11:41:00+00:00,10,2026-08-03T16:15:00+00:00,2026-08-03T15:42:00+00:00,,31.0,-33.0,DL5946,Delta Air Lines
2026-08-04T10:36:31.452779,DEL-LHR,2026-08-03,landed,2026-08-03T10:05:00+00:00,2026-08-03T10:54:00+00:00,23,2026-08-03T15:20:00+00:00,2026-08-03T14:58:00+00:00,,49.0,-22.0,AA6664,American Airlines
2026-08-04T10:36:31.452795,DEL-LHR,2026-08-03,landed,2026-08-03T10:05:00+00:00,2026-08-03T10:54:00+00:00,23,2026-08-03T15:20:00+00:00,2026-08-03T14:58:00+00:00,,49.0,-22.0,IB3609,Iberia
2026-08-04T10:36:31.452810,DEL-LHR,2026-08-03,landed,2026-08-03T12:25:00+00:00,2026-08-03T13:39:00+00:00,6,2026-08-03T19:00:00+00:00,2026-08-03T19:06:00+00:00,6,74.0,6.0,AI2017,Air India
2026-08-04T10:36:31.452825,DEL-LHR,2026-08-03,landed,2026-08-03T11:10:00+00:00,2026-08-03T11:41:00+00:00,10,2026-08-03T16:15:00+00:00,2026-08-03T15:42:00+00:00,,31.0,-33.0,VS301,Virgin Atlantic
2026-08-04T10:36:31.452841,DEL-LHR,2026-08-03,landed,2026-08-03T10:30:00+00:00,2026-08-03T10:47:00+00:00,89,2026-08-03T17:45:00+00:00,2026-08-03T16:43:00+00:00,,17.0,-62.0,6E3,IndiGo
2026-08-04T10:36:31.452856,DEL-LHR,2026-08-03,landed,2026-08-03T10:05:00+00:00,2026-08-03T10:54:00+00:00,23,2026-08-03T15:20:00+00:00,2026-08-03T14:58:00+00:00,,49.0,-22.0,BA256,British Airways
2026-08-04T10:36:31.452871,DEL-LHR,2026-08-03,landed,2026-08-03T04:55:00+00:00,2026-08-03T05:37:00+00:00,,2026-08-03T11:30:00+00:00,2026-08-03T11:02:00+00:00,,42.0,-28.0,AC6451,Air Canada
2026-08-04T10:36:31.452886,DEL-LHR,2026-08-03,landed,2026-08-03T04:55:00+00:00,2026-08-03T05:37:00+00:00,,2026-08-03T11:30:00+00:00,2026-08-03T11:02:00+00:00,,42.0,-28.0,TP7029,TAP Air Portugal
2026-08-04T10:36:31.452901,DEL-LHR,2026-08-03,landed,2026-08-03T04:55:00+00:00,2026-08-03T05:37:00+00:00,,2026-08-03T11:30:00+00:00,2026-08-03T11:02:00+00:00,,42.0,-28.0,AI111,Air India
2026-08-04T10:36:31.452916,DEL-LHR,2026-08-03,landed,2026-08-03T02:05:00+00:00,2026-08-03T02:28:00+00:00,,2026-08-03T07:20:00+00:00,2026-08-03T06:43:00+00:00,,23.0,-37.0,VS303,Virgin Atlantic
2026-08-04T10:36:31.452931,DEL-LHR,2026-08-03,landed,2026-08-03T02:05:00+00:00,2026-08-03T02:28:00+00:00,,2026-08-03T07:20:00+00:00,2026-08-03T06:43:00+00:00,,23.0,-37.0,VN3193,Vietnam Airlines
2026-08-04T10:36:31.452984,DEL-LHR,2026-08-03,landed,2026-08-03T02:05:00+00:00,2026-08-03T02:28:00+00:00,,2026-08-03T07:20:00+00:00,2026-08-03T06:43:00+00:00,,23.0,-37.0,DL5949,Delta Air Lines
2026-08-04T10:36:31.453000,DEL-LHR,2026-08-03,landed,2026-08-03T01:35:00+00:00,2026-08-03T02:01:00+00:00,,2026-08-03T06:50:00+00:00,2026-08-03T06:12:00+00:00,,26.0,-38.0,BA142,British Airways
2026-08-04T10:36:31.453016,DEL-LHR,2026-08-03,landed,2026-08-03T01:35:00+00:00,2026-08-03T02:01:00+00:00,,2026-08-03T06:50:00+00:00,2026-08-03T06:12:00+00:00,,26.0,-38.0,AA6662,American Airlines
2026-08-04T10:36:31.453031,DEL-LHR,2026-08-03,landed,2026-08-03T00:55:00+00:00,2026-08-03T01:14:00+00:00,100,2026-08-03T07:30:00+00:00,2026-08-03T06:36:00+00:00,,19.0,-54.0,AI161,Air India
2026-08-04T10:36:31.453046,DEL-LHR,2026-08-03,landed,2026-08-03T00:55:00+00:00,2026-08-03T01:14:00+00:00,100,2026-08-03T07:30:00+00:00,2026-08-03T06:36:00+00:00,,19.0,-54.0,AC6453,Air Canada
2026-08-04T10:36:31.453061,DEL-LHR,2026-08-03,landed,2026-08-03T00:55:00+00:00,2026-08-03T01:14:00+00:00,100,2026-08-03T07:30:00+00:00,2026-08-03T06:36:00+00:00,,19.0,-54.0,TP7023,TAP Air Portugal
2026-08-04T10:36:31.453076,DEL-LHR,2026-08-03,landed,2026-08-03T00:55:00+00:00,2026-08-03T01:14:00+00:00,100,2026-08-03T07:30:00+00:00,2026-08-03T06:36:00+00:00,,19.0,-54.0,SQ4921,Singapore Airlines
2026-08-04T10:36:31.980329,BLR-FRA,2026-08-04,active,2026-08-04T03:00:00+00:00,2026-08-04T03:23:00+00:00,,2026-08-04T09:05:00+00:00,,24,23.0,,AI8755,Air India
2026-08-04T10:36:31.980364,BLR-FRA,2026-08-04,active,2026-08-04T03:00:00+00:00,2026-08-04T03:23:00+00:00,,2026-08-04T09:05:00+00:00,,24,23.0,,AC9057,Air Canada
2026-08-04T10:36:31.980374,BLR-FRA,2026-08-04,scheduled,2026-08-04T03:00:00+00:00,2026-08-04T03:23:00+00:00,,2026-08-04T09:05:00+00:00,,,23.0,,LH755,Lufthansa
2026-08-04T10:36:31.980382,BLR-FRA,2026-08-03,landed,2026-08-03T03:00:00+00:00,2026-08-03T03:47:00+00:00,18,2026-08-03T09:05:00+00:00,2026-08-03T09:23:00+00:00,18,47.0,18.0,AI8755,Air India
2026-08-04T10:36:31.980392,BLR-FRA,2026-08-03,landed,2026-08-03T03:00:00+00:00,2026-08-03T03:47:00+00:00,18,2026-08-03T09:05:00+00:00,2026-08-03T09:23:00+00:00,18,47.0,18.0,AC9057,Air Canada
2026-08-04T10:36:31.980401,BLR-FRA,2026-08-03,landed,2026-08-03T03:00:00+00:00,2026-08-03T03:47:00+00:00,18,2026-08-03T09:05:00+00:00,2026-08-03T09:23:00+00:00,18,47.0,18.0,LH755,Lufthansa
2026-08-04T10:36:33.535077,BOM-AMS,2026-08-04,active,2026-08-04T04:55:00+00:00,,,2026-08-04T11:15:00+00:00,,80,,,6E21,IndiGo
2026-08-04T10:36:33.535106,BOM-AMS,2026-08-04,active,2026-08-04T02:00:00+00:00,2026-08-04T02:22:00+00:00,,2026-08-04T07:50:00+00:00,,,22.0,,KL878,KLM
2026-08-04T10:36:33.535131,BOM-AMS,2026-08-04,active,2026-08-04T02:00:00+00:00,2026-08-04T02:22:00+00:00,,2026-08-04T07:50:00+00:00,,23,22.0,,DL9495,Delta Air Lines
2026-08-04T10:36:33.535142,BOM-AMS,2026-08-04,active,2026-08-04T02:00:00+00:00,2026-08-04T02:22:00+00:00,,2026-08-04T07:50:00+00:00,,23,22.0,,AF3132,Air France
2026-08-04T10:36:33.535152,BOM-AMS,2026-08-03,scheduled,2026-08-03T04:55:00+00:00,2026-08-03T08:19:00+00:00,145,2026-08-03T11:15:00+00:00,,144,204.0,,6E21,IndiGo
2026-08-04T10:36:33.535163,BOM-AMS,2026-08-03,landed,2026-08-03T02:00:00+00:00,2026-08-03T02:17:00+00:00,,2026-08-03T07:50:00+00:00,2026-08-03T07:29:00+00:00,,17.0,-21.0,KL878,KLM
2026-08-04T10:36:33.535178,BOM-AMS,2026-08-03,landed,2026-08-03T02:00:00+00:00,2026-08-03T02:17:00+00:00,,2026-08-03T07:50:00+00:00,2026-08-03T07:29:00+00:00,,17.0,-21.0,DL9495,Delta Air Lines
2026-08-04T10:36:33.535191,BOM-AMS,2026-08-03,landed,2026-08-03T02:00:00+00:00,2026-08-03T02:17:00+00:00,,2026-08-03T07:50:00+00:00,2026-08-03T07:29:00+00:00,,17.0,-21.0,AF3132,Air France
2026-08-05T17:28:34.817929,DEL-LHR,2026-08-05,active,2026-08-05T11:10:00+00:00,2026-08-05T11:40:00+00:00,,2026-08-05T16:15:00+00:00,,31,30.0,,VN3195,Vietnam Airlines
2026-08-05T17:28:34.818035,DEL-LHR,2026-08-05,active,2026-08-05T11:10:00+00:00,2026-08-05T11:40:00+00:00,,2026-08-05T16:15:00+00:00,,31,30.0,,DL5946,Delta Air Lines
2026-08-05T17:28:34.818078,DEL-LHR,2026-08-05,active,2026-08-05T10:05:00+00:00,2026-08-05T10:20:00+00:00,,2026-08-05T15:20:00+00:00,,16,15.0,,AA6664,American Airlines
2026-08-05T17:28:34.818101,DEL-LHR,2026-08-05,active,2026-08-05T10:05:00+00:00,2026-08-05T10:20:00+00:00,,2026-08-05T15:20:00+00:00,,16,15.0,,IB3609,Iberia
2026-08-05T17:28:34.818119,DEL-LHR,2026-08-05,scheduled,2026-08-05T12:25:00+00:00,2026-08-05T13:01:00+00:00,55,2026-08-05T19:00:00+00:00,,,36.0,,AI2017,Air India
2026-08-05T17:28:34.818136,DEL-LHR,2026-08-05,scheduled,2026-08-05T11:10:00+00:00,2026-08-05T11:40:00+00:00,,2026-08-05T16:15:00+00:00,,,30.0,,VS301,Virgin Atlantic
2026-08-05T17:28:34.818153,DEL-LHR,2026-08-05,scheduled,2026-08-05T10:30:00+00:00,2026-08-05T11:06:00+00:00,59,2026-08-05T17:45:00+00:00,,,36.0,,6E3,IndiGo
2026-08-05T17:28:34.818169,DEL-LHR,2026-08-05,scheduled,2026-08-05T10:05:00+00:00,2026-08-05T10:20:00+00:00,,2026-08-05T15:20:00+00:00,,,15.0,,BA256,British Airways
2026-08-05T17:28:34.818185,DEL-LHR,2026-08-05,landed,2026-08-05T04:55:00+00:00,2026-08-05T05:20:00+00:00,38,2026-08-05T11:30:00+00:00,2026-08-05T10:49:00+00:00,,25.0,-41.0,AI111,Air India
2026-08-05T17:28:34.818208,DEL-LHR,2026-08-05,landed,2026-08-05T04:55:00+00:00,2026-08-05T05:20:00+00:00,38,2026-08-05T11:30:00+00:00,2026-08-05T10:49:00+00:00,,25.0,-41.0,AC6451,Air Canada
2026-08-05T17:28:34.818229,DEL-LHR,2026-08-05,landed,2026-08-05T04:55:00+00:00,2026-08-05T05:20:00+00:00,38,2026-08-05T11:30:00+00:00,2026-08-05T10:49:00+00:00,,25.0,-41.0,TP7029,TAP Air Portugal
2026-08-05T17:28:34.818251,DEL-LHR,2026-08-05,landed,2026-08-05T02:05:00+00:00,2026-08-05T02:45:00+00:00,,2026-08-05T07:20:00+00:00,2026-08-05T06:54:00+00:00,,40.0,-26.0,VN3193,Vietnam Airlines
2026-08-05T17:28:34.818272,DEL-LHR,2026-08-05,landed,2026-08-05T02:05:00+00:00,2026-08-05T02:45:00+00:00,,2026-08-05T07:20:00+00:00,2026-08-05T06:54:00+00:00,,40.0,-26.0,DL5949,Delta Air Lines
2026-08-05T17:28:34.818292,DEL-LHR,2026-08-05,landed,2026-08-05T01:35:00+00:00,2026-08-05T02:33:00+00:00,,2026-08-05T06:50:00+00:00,2026-08-05T06:43:00+00:00,,58.0,-7.0,AA6662,American Airlines
2026-08-05T17:28:34.818313,DEL-LHR,2026-08-05,landed,2026-08-05T00:55:00+00:00,2026-08-05T01:17:00+00:00,,2026-08-05T07:30:00+00:00,2026-08-05T06:28:00+00:00,,22.0,-62.0,AC6453,Air Canada
2026-08-05T17:28:34.818333,DEL-LHR,2026-08-05,landed,2026-08-05T00:55:00+00:00,2026-08-05T01:17:00+00:00,,2026-08-05T07:30:00+00:00,2026-08-05T06:28:00+00:00,,22.0,-62.0,TP7023,TAP Air Portugal
2026-08-05T17:28:34.818354,DEL-LHR,2026-08-05,landed,2026-08-05T00:55:00+00:00,2026-08-05T01:17:00+00:00,,2026-08-05T07:30:00+00:00,2026-08-05T06:28:00+00:00,,22.0,-62.0,SQ4921,Singapore Airlines
2026-08-05T17:28:34.818374,DEL-LHR,2026-08-05,landed,2026-08-05T02:05:00+00:00,2026-08-05T02:45:00+00:00,,2026-08-05T07:20:00+00:00,2026-08-05T06:54:00+00:00,,40.0,-26.0,VS303,Virgin Atlantic
2026-08-05T17:28:34.818396,DEL-LHR,2026-08-05,landed,2026-08-05T01:35:00+00:00,2026-08-05T02:33:00+00:00,8,2026-08-05T06:50:00+00:00,2026-08-05T06:43:00+00:00,,58.0,-7.0,BA142,British Airways
2026-08-05T17:28:34.818420,DEL-LHR,2026-08-05,landed,2026-08-05T00:55:00+00:00,2026-08-05T01:17:00+00:00,,2026-08-05T07:30:00+00:00,2026-08-05T06:28:00+00:00,,22.0,-62.0,AI161,Air India
2026-08-05T17:28:34.818440,DEL-LHR,2026-08-04,landed,2026-08-04T10:05:00+00:00,2026-08-04T10:19:00+00:00,,2026-08-04T15:20:00+00:00,2026-08-04T14:39:00+00:00,,14.0,-41.0,AA6664,American Airlines
2026-08-05T17:28:34.818461,DEL-LHR,2026-08-04,landed,2026-08-04T10:05:00+00:00,2026-08-04T10:19:00+00:00,,2026-08-04T15:20:00+00:00,2026-08-04T14:39:00+00:00,,14.0,-41.0,IB3609,Iberia
2026-08-05T17:28:34.818478,DEL-LHR,2026-08-04,landed,2026-08-04T11:10:00+00:00,2026-08-04T11:23:00+00:00,,2026-08-04T16:15:00+00:00,2026-08-04T15:41:00+00:00,,13.0,-34.0,VN3195,Vietnam Airlines
2026-08-05T17:28:34.818498,DEL-LHR,2026-08-04,landed,2026-08-04T11:10:00+00:00,2026-08-04T11:23:00+00:00,,2026-08-04T16:15:00+00:00,2026-08-04T15:41:00+00:00,,13.0,-34.0,DL5946,Delta Air Lines
2026-08-05T17:28:34.818517,DEL-LHR,2026-08-04,landed,2026-08-04T13:30:00+00:00,2026-08-04T13:54:00+00:00,125,2026-08-04T20:00:00+00:00,2026-08-04T19:06:00+00:00,,24.0,-54.0,AI2015,Air India
2026-08-05T17:28:34.818538,DEL-LHR,2026-08-04,landed,2026-08-04T12:25:00+00:00,2026-08-04T13:33:00+00:00,,2026-08-04T19:00:00+00:00,2026-08-04T18:48:00+00:00,,68.0,-12.0,AI2017,Air India
2026-08-05T17:28:34.818558,DEL-LHR,2026-08-04,landed,2026-08-04T11:10:00+00:00,2026-08-04T11:23:00+00:00,,2026-08-04T16:15:00+00:00,2026-08-04T15:41:00+00:00,,13.0,-34.0,VS301,Virgin Atlantic
2026-08-05T17:28:34.818578,DEL-LHR,2026-08-04,landed,2026-08-04T10:30:00+00:00,2026-08-04T10:47:00+00:00,21,2026-08-04T17:45:00+00:00,2026-08-04T16:38:00+00:00,,17.0,-67.0,6E3,IndiGo
2026-08-05T17:28:34.818598,DEL-LHR,2026-08-04,landed,2026-08-04T10:05:00+00:00,2026-08-04T10:19:00+00:00,,2026-08-04T15:20:00+00:00,2026-08-04T14:39:00+00:00,,14.0,-41.0,BA256,British Airways
2026-08-05T17:28:34.818618,DEL-LHR,2026-08-04,landed,2026-08-04T04:55:00+00:00,2026-08-04T05:07:00+00:00,26,2026-08-04T11:30:00+00:00,2026-08-04T10:23:00+00:00,,12.0,-67.0,AC6451,Air Canada
2026-08-05T17:28:34.818638,DEL-LHR,2026-08-04,landed,2026-08-04T01:35:00+00:00,2026-08-04T02:06:00+00:00,,2026-08-04T06:50:00+00:00,2026-08-04T06:23:00+00:00,,31.0,-27.0,AA6662,American Airlines
2026-08-05T17:28:34.818659,DEL-LHR,2026-08-04,landed,2026-08-04T04:55:00+00:00,2026-08-04T05:07:00+00:00,26,2026-08-04T11:30:00+00:00,2026-08-04T10:23:00+00:00,,12.0,-67.0,AI111,Air India
2026-08-05T17:28:34.818678,DEL-LHR,2026-08-04,landed,2026-08-04T04:55:00+00:00,2026-08-04T05:07:00+00:00,26,2026-08-04T11:30:00+00:00,2026-08-04T10:23:00+00:00,,12.0,-67.0,TP7029,TAP Air Portugal
2026-08-05T17:28:34.818698,DEL-LHR,2026-08-04,landed,2026-08-04T00:55:00+00:00,2026-08-04T01:09:00+00:00,33,2026-08-04T07:30:00+00:00,2026-08-04T06:24:00+00:00,,14.0,-66.0,AC6453,Air Canada
2026-08-05T17:28:34.818719,DEL-LHR,2026-08-04,landed,2026-08-04T00:55:00+00:00,2026-08-04T01:09:00+00:00,33,2026-08-04T07:30:00+00:00,2026-08-04T06:24:00+00:00,,14.0,-66.0,TP7023,TAP Air Portugal
2026-08-05T17:28:34.818739,DEL-LHR,2026-08-04,landed,2026-08-04T00:55:00+00:00,2026-08-04T01:09:00+00:00,33,2026-08-04T07:30:00+00:00,2026-08-04T06:24:00+00:00,,14.0,-66.0,SQ4921,Singapore Airlines
2026-08-05T17:28:34.818760,DEL-LHR,2026-08-04,landed,2026-08-04T02:05:00+00:00,2026-08-04T02:43:00+00:00,,2026-08-04T07:20:00+00:00,2026-08-04T06:48:00+00:00,,38.0,-32.0,VN3193,Vietnam Airlines
2026-08-05T17:28:34.818781,DEL-LHR,2026-08-04,landed,2026-08-04T02:05:00+00:00,2026-08-04T02:43:00+00:00,,2026-08-04T07:20:00+00:00,2026-08-04T06:48:00+00:00,,38.0,-32.0,DL5949,Delta Air Lines
2026-08-05T17:28:34.818801,DEL-LHR,2026-08-04,landed,2026-08-04T02:05:00+00:00,2026-08-04T02:43:00+00:00,,2026-08-04T07:20:00+00:00,2026-08-04T06:48:00+00:00,,38.0,-32.0,VS303,Virgin Atlantic
2026-08-05T17:28:34.818822,DEL-LHR,2026-08-04,landed,2026-08-04T01:35:00+00:00,2026-08-04T02:06:00+00:00,,2026-08-04T06:50:00+00:00,2026-08-04T06:23:00+00:00,,31.0,-27.0,BA142,British Airways
2026-08-05T17:28:34.818842,DEL-LHR,2026-08-04,landed,2026-08-04T00:55:00+00:00,2026-08-04T01:09:00+00:00,33,2026-08-04T07:30:00+00:00,2026-08-04T06:24:00+00:00,,14.0,-66.0,AI161,Air India
2026-08-05T17:28:35.426117,BLR-FRA,2026-08-05,landed,2026-08-05T03:00:00+00:00,2026-08-05T03:59:00+00:00,18,2026-08-05T09:05:00+00:00,2026-08-05T09:23:00+00:00,18,59.0,18.0,AI8755,Air India
2026-08-05T17:28:35.426174,BLR-FRA,2026-08-05,landed,2026-08-05T03:00:00+00:00,2026-08-05T03:59:00+00:00,18,2026-08-05T09:05:00+00:00,2026-08-05T09:23:00+00:00,18,59.0,18.0,AC9057,Air Canada
2026-08-05T17:28:35.426197,BLR-FRA,2026-08-05,landed,2026-08-05T03:00:00+00:00,2026-08-05T03:59:00+00:00,18,2026-08-05T09:05:00+00:00,2026-08-05T09:23:00+00:00,18,59.0,18.0,LH755,Lufthansa
2026-08-05T17:28:35.426217,BLR-FRA,2026-08-04,landed,2026-08-04T03:00:00+00:00,2026-08-04T03:23:00+00:00,,2026-08-04T09:05:00+00:00,2026-08-04T08:48:00+00:00,,23.0,-17.0,AI8755,Air India
2026-08-05T17:28:35.426237,BLR-FRA,2026-08-04,landed,2026-08-04T03:00:00+00:00,2026-08-04T03:23:00+00:00,,2026-08-04T09:05:00+00:00,2026-08-04T08:48:00+00:00,,23.0,-17.0,AC9057,Air Canada
2026-08-05T17:28:35.426257,BLR-FRA,2026-08-04,landed,2026-08-04T03:00:00+00:00,2026-08-04T03:23:00+00:00,,2026-08-04T09:05:00+00:00,2026-08-04T08:48:00+00:00,,23.0,-17.0,LH755,Lufthansa
2026-08-05T17:28:36.041304,BOM-AMS,2026-08-05,scheduled,2026-08-05T08:20:00+00:00,2026-08-05T09:06:00+00:00,17,2026-08-05T14:10:00+00:00,,16,46.0,,CI5685,China Airlines
2026-08-05T17:28:36.041356,BOM-AMS,2026-08-05,landed,2026-08-05T04:55:00+00:00,2026-08-05T05:19:00+00:00,,2026-08-05T11:15:00+00:00,2026-08-05T10:36:00+00:00,,24.0,-39.0,6E21,IndiGo
2026-08-05T17:28:36.041380,BOM-AMS,2026-08-05,landed,2026-08-05T02:00:00+00:00,2026-08-05T02:09:00+00:00,,2026-08-05T07:50:00+00:00,2026-08-05T07:25:00+00:00,,9.0,-25.0,KL878,KLM
2026-08-05T17:28:36.041400,BOM-AMS,2026-08-05,landed,2026-08-05T02:00:00+00:00,2026-08-05T02:09:00+00:00,,2026-08-05T07:50:00+00:00,2026-08-05T07:25:00+00:00,,9.0,-25.0,DL9495,Delta Air Lines
2026-08-05T17:28:36.041417,BOM-AMS,2026-08-05,landed,2026-08-05T02:00:00+00:00,2026-08-05T02:09:00+00:00,,2026-08-05T07:50:00+00:00,2026-08-05T07:25:00+00:00,,9.0,-25.0,AF3132,Air France
2026-08-05T17:28:36.041433,BOM-AMS,2026-08-04,landed,2026-08-04T04:55:00+00:00,2026-08-04T06:46:00+00:00,47,2026-08-04T11:15:00+00:00,2026-08-04T12:02:00+00:00,47,111.0,47.0,6E21,IndiGo
2026-08-05T17:28:36.041452,BOM-AMS,2026-08-04,landed,2026-08-04T02:00:00+00:00,2026-08-04T02:22:00+00:00,,2026-08-04T07:50:00+00:00,2026-08-04T07:39:00+00:00,,22.0,-11.0,KL878,KLM
2026-08-05T17:28:36.041469,BOM-AMS,2026-08-04,landed,2026-08-04T02:00:00+00:00,2026-08-04T02:22:00+00:00,,2026-08-04T07:50:00+00:00,2026-08-04T07:39:00+00:00,,22.0,-11.0,DL9495,Delta Air Lines
2026-08-05T17:28:36.041487,BOM-AMS,2026-08-04,landed,2026-08-04T02:00:00+00:00,2026-08-04T02:22:00+00:00,,2026-08-04T07:50:00+00:00,2026-08-04T07:39:00+00:00,,22.0,-11.0,AF3132,Air France
2026-08-06T08:21:58.520589,DEL-LHR,2026-08-06,scheduled,2026-08-06T13:30:00+00:00,,,2026-08-06T20:00:00+00:00,,,,,AI2015,Air India
2026-08-06T08:21:58.520646,DEL-LHR,2026-08-06,scheduled,2026-08-06T12:25:00+00:00,,,2026-08-06T19:00:00+00:00,,10,,,AI2017,Air India
2026-08-06T08:21:58.520657,DEL-LHR,2026-08-06,scheduled,2026-08-06T11:10:00+00:00,,,2026-08-06T16:15:00+00:00,,,,,VS301,Virgin Atlantic
2026-08-06T08:21:58.520663,DEL-LHR,2026-08-06,scheduled,2026-08-06T10:30:00+00:00,,,2026-08-06T17:45:00+00:00,,10,,,6E3,IndiGo
2026-08-06T08:21:58.520669,DEL-LHR,2026-08-06,scheduled,2026-08-06T10:05:00+00:00,,,2026-08-06T15:20:00+00:00,,,,,BA256,British Airways
2026-08-06T08:21:58.520674,DEL-LHR,2026-08-06,active,2026-08-06T05:30:00+00:00,,,2026-08-06T12:05:00+00:00,,32,,,AC6451,Air Canada
2026-08-06T08:21:58.520680,DEL-LHR,2026-08-06,active,2026-08-06T05:30:00+00:00,,,2026-08-06T12:05:00+00:00,,32,,,TP7029,TAP Air Portugal
2026-08-06T08:21:58.520685,DEL-LHR,2026-08-06,active,2026-08-06T02:05:00+00:00,2026-08-06T02:40:00+00:00,,2026-08-06T07:20:00+00:00,,35,35.0,,VN3193,Vietnam Airlines
2026-08-06T08:21:58.520709,DEL-LHR,2026-08-06,active,2026-08-06T02:05:00+00:00,2026-08-06T02:40:00+00:00,,2026-08-06T07:20:00+00:00,,35,35.0,,DL5949,Delta Air Lines
2026-08-06T08:21:58.520719,DEL-LHR,2026-08-06,active,2026-08-06T01:35:00+00:00,2026-08-06T02:01:00+00:00,,2026-08-06T06:50:00+00:00,,26,26.0,,AA6662,American Airlines
2026-08-06T08:21:58.520727,DEL-LHR,2026-08-06,active,2026-08-06T05:30:00+00:00,,,2026-08-06T12:05:00+00:00,,32,,,AI111,Air India
2026-08-06T08:21:58.520732,DEL-LHR,2026-08-06,active,2026-08-06T00:55:00+00:00,2026-08-06T01:25:00+00:00,17,2026-08-06T07:30:00+00:00,,31,30.0,,AC6453,Air Canada
2026-08-06T08:21:58.520740,DEL-LHR,2026-08-06,active,2026-08-06T00:55:00+00:00,2026-08-06T01:25:00+00:00,17,2026-08-06T07:30:00+00:00,,31,30.0,,TP7023,TAP Air Portugal
2026-08-06T08:21:58.520747,DEL-LHR,2026-08-06,active,2026-08-06T00:55:00+00:00,2026-08-06T01:25:00+00:00,17,2026-08-06T07:30:00+00:00,,31,30.0,,SQ4921,Singapore Airlines
2026-08-06T08:21:58.520754,DEL-LHR,2026-08-06,active,2026-08-06T02:05:00+00:00,2026-08-06T02:40:00+00:00,,2026-08-06T07:20:00+00:00,,,35.0,,VS303,Virgin Atlantic
2026-08-06T08:21:58.520761,DEL-LHR,2026-08-06,active,2026-08-06T01:35:00+00:00,2026-08-06T02:01:00+00:00,,2026-08-06T06:50:00+00:00,,,26.0,,BA142,British Airways
2026-08-06T08:21:58.520767,DEL-LHR,2026-08-06,active,2026-08-06T00:55:00+00:00,2026-08-06T01:25:00+00:00,17,2026-08-06T07:30:00+00:00,,,30.0,,AI161,Air India
2026-08-06T08:21:58.520774,DEL-LHR,2026-08-05,landed,2026-08-05T11:10:00+00:00,2026-08-05T11:40:00+00:00,,2026-08-05T16:15:00+00:00,2026-08-05T16:00:00+00:00,,30.0,-15.0,VN3195,Vietnam Airlines
2026-08-06T08:21:58.520784,DEL-LHR,2026-08-05,landed,2026-08-05T11:10:00+00:00,2026-08-05T11:40:00+00:00,,2026-08-05T16:15:00+00:00,2026-08-05T16:00:00+00:00,,30.0,-15.0,DL5946,Delta Air Lines
2026-08-06T08:21:58.520793,DEL-LHR,2026-08-05,landed,2026-08-05T10:05:00+00:00,2026-08-05T10:20:00+00:00,,2026-08-05T15:20:00+00:00,2026-08-05T14:46:00+00:00,,15.0,-34.0,AA6664,American Airlines
2026-08-06T08:21:58.520802,DEL-LHR,2026-08-05,landed,2026-08-05T10:05:00+00:00,2026-08-05T10:20:00+00:00,,2026-08-05T15:20:00+00:00,2026-08-05T14:46:00+00:00,,15.0,-34.0,IB3609,Iberia
2026-08-06T08:21:58.520810,DEL-LHR,2026-08-05,landed,2026-08-05T12:25:00+00:00,2026-08-05T13:01:00+00:00,55,2026-08-05T19:00:00+00:00,2026-08-05T18:19:00+00:00,,36.0,-41.0,AI2017,Air India
2026-08-06T08:21:58.520819,DEL-LHR,2026-08-05,landed,2026-08-05T11:10:00+00:00,2026-08-05T11:40:00+00:00,,2026-08-05T16:15:00+00:00,2026-08-05T16:00:00+00:00,,30.0,-15.0,VS301,Virgin Atlantic
2026-08-06T08:21:58.520827,DEL-LHR,2026-08-05,landed,2026-08-05T10:30:00+00:00,2026-08-05T11:06:00+00:00,59,2026-08-05T17:45:00+00:00,2026-08-05T16:54:00+00:00,,36.0,-51.0,6E3,IndiGo
2026-08-06T08:21:58.520835,DEL-LHR,2026-08-05,landed,2026-08-05T10:05:00+00:00,2026-08-05T10:20:00+00:00,,2026-08-05T15:20:00+00:00,2026-08-05T14:46:00+00:00,,15.0,-34.0,BA256,British Airways
2026-08-06T08:21:58.520845,DEL-LHR,2026-08-05,landed,2026-08-05T04:55:00+00:00,2026-08-05T05:20:00+00:00,38,2026-08-05T11:30:00+00:00,2026-08-05T10:49:00+00:00,,25.0,-41.0,AI111,Air India
2026-08-06T08:21:58.520853,DEL-LHR,2026-08-05,landed,2026-08-05T04:55:00+00:00,2026-08-05T05:20:00+00:00,38,2026-08-05T11:30:00+00:00,2026-08-05T10:49:00+00:00,,25.0,-41.0,AC6451,Air Canada
2026-08-06T08:21:58.520861,DEL-LHR,2026-08-05,landed,2026-08-05T04:55:00+00:00,2026-08-05T05:20:00+00:00,38,2026-08-05T11:30:00+00:00,2026-08-05T10:49:00+00:00,,25.0,-41.0,TP7029,TAP Air Portugal
2026-08-06T08:21:58.520870,DEL-LHR,2026-08-05,landed,2026-08-05T02:05:00+00:00,2026-08-05T02:45:00+00:00,,2026-08-05T07:20:00+00:00,2026-08-05T06:54:00+00:00,,40.0,-26.0,VN3193,Vietnam Airlines
2026-08-06T08:21:58.520878,DEL-LHR,2026-08-05,landed,2026-08-05T02:05:00+00:00,2026-08-05T02:45:00+00:00,,2026-08-05T07:20:00+00:00,2026-08-05T06:54:00+00:00,,40.0,-26.0,DL5949,Delta Air Lines
2026-08-06T08:21:58.520890,DEL-LHR,2026-08-05,landed,2026-08-05T01:35:00+00:00,2026-08-05T02:33:00+00:00,,2026-08-05T06:50:00+00:00,2026-08-05T06:43:00+00:00,,58.0,-7.0,AA6662,American Airlines
2026-08-06T08:21:58.520899,DEL-LHR,2026-08-05,landed,2026-08-05T00:55:00+00:00,2026-08-05T01:17:00+00:00,,2026-08-05T07:30:00+00:00,2026-08-05T06:28:00+00:00,,22.0,-62.0,AC6453,Air Canada
2026-08-06T08:21:58.520907,DEL-LHR,2026-08-05,landed,2026-08-05T00:55:00+00:00,2026-08-05T01:17:00+00:00,,2026-08-05T07:30:00+00:00,2026-08-05T06:28:00+00:00,,22.0,-62.0,TP7023,TAP Air Portugal
2026-08-06T08:21:58.520915,DEL-LHR,2026-08-05,landed,2026-08-05T00:55:00+00:00,2026-08-05T01:17:00+00:00,,2026-08-05T07:30:00+00:00,2026-08-05T06:28:00+00:00,,22.0,-62.0,SQ4921,Singapore Airlines
2026-08-06T08:21:58.520923,DEL-LHR,2026-08-05,landed,2026-08-05T02:05:00+00:00,2026-08-05T02:45:00+00:00,,2026-08-05T07:20:00+00:00,2026-08-05T06:54:00+00:00,,40.0,-26.0,VS303,Virgin Atlantic
2026-08-06T08:21:58.520932,DEL-LHR,2026-08-05,landed,2026-08-05T01:35:00+00:00,2026-08-05T02:33:00+00:00,8,2026-08-05T06:50:00+00:00,2026-08-05T06:43:00+00:00,,58.0,-7.0,BA142,British Airways
2026-08-06T08:21:58.520940,DEL-LHR,2026-08-05,landed,2026-08-05T00:55:00+00:00,2026-08-05T01:17:00+00:00,,2026-08-05T07:30:00+00:00,2026-08-05T06:28:00+00:00,,22.0,-62.0,AI161,Air India
2026-08-06T08:22:20.269310,BLR-FRA,2026-08-06,active,2026-08-06T03:00:00+00:00,2026-08-06T03:19:00+00:00,,2026-08-06T09:05:00+00:00,,19,19.0,,AI8755,Air India
2026-08-06T08:22:20.269373,BLR-FRA,2026-08-06,active,2026-08-06T03:00:00+00:00,2026-08-06T03:19:00+00:00,,2026-08-06T09:05:00+00:00,,19,19.0,,AC9057,Air Canada
2026-08-06T08:22:20.269392,BLR-FRA,2026-08-06,active,2026-08-06T03:00:00+00:00,2026-08-06T03:19:00+00:00,,2026-08-06T09:05:00+00:00,,19,19.0,,LH755,Lufthansa
2026-08-06T08:22:20.269409,BLR-FRA,2026-08-05,landed,2026-08-05T03:00:00+00:00,2026-08-05T03:59:00+00:00,18,2026-08-05T09:05:00+00:00,2026-08-05T09:23:00+00:00,18,59.0,18.0,AI8755,Air India
2026-08-06T08:22:20.269430,BLR-FRA,2026-08-05,landed,2026-08-05T03:00:00+00:00,2026-08-05T03:59:00+00:00,18,2026-08-05T09:05:00+00:00,2026-08-05T09:23:00+00:00,18,59.0,18.0,AC9057,Air Canada
2026-08-06T08:22:20.269449,BLR-FRA,2026-08-05,landed,2026-08-05T03:00:00+00:00,2026-08-05T03:59:00+00:00,18,2026-08-05T09:05:00+00:00,2026-08-05T09:23:00+00:00,18,59.0,18.0,LH755,Lufthansa
2026-08-06T08:22:41.862210,BOM-AMS,2026-08-06,active,2026-08-06T04:50:00+00:00,2026-08-06T05:01:00+00:00,,2026-08-06T11:15:00+00:00,,12,11.0,,6E21,IndiGo
2026-08-06T08:22:41.862249,BOM-AMS,2026-08-06,active,2026-08-06T02:00:00+00:00,2026-08-06T02:18:00+00:00,,2026-08-06T07:50:00+00:00,,19,18.0,,KL878,KLM
2026-08-06T08:22:41.862258,BOM-AMS,2026-08-06,active,2026-08-06T02:00:00+00:00,2026-08-06T02:18:00+00:00,,2026-08-06T07:50:00+00:00,,19,18.0,,DL9495,Delta Air Lines
2026-08-06T08:22:41.862266,BOM-AMS,2026-08-06,active,2026-08-06T02:00:00+00:00,2026-08-06T02:18:00+00:00,,2026-08-06T07:50:00+00:00,,19,18.0,,AF3132,Air France
2026-08-06T08:22:41.862273,BOM-AMS,2026-08-05,landed,2026-08-05T08:20:00+00:00,2026-08-05T09:06:00+00:00,23,2026-08-05T14:10:00+00:00,2026-08-05T14:33:00+00:00,23,46.0,23.0,CI5685,China Airlines
2026-08-06T08:22:41.862282,BOM-AMS,2026-08-05,landed,2026-08-05T04:55:00+00:00,2026-08-05T05:19:00+00:00,,2026-08-05T11:15:00+00:00,2026-08-05T10:36:00+00:00,,24.0,-39.0,6E21,IndiGo
2026-08-06T08:22:41.862292,BOM-AMS,2026-08-05,landed,2026-08-05T02:00:00+00:00,2026-08-05T02:09:00+00:00,,2026-08-05T07:50:00+00:00,2026-08-05T07:25:00+00:00,,9.0,-25.0,KL878,KLM
2026-08-06T08:22:41.862300,BOM-AMS,2026-08-05,landed,2026-08-05T02:00:00+00:00,2026-08-05T02:09:00+00:00,,2026-08-05T07:50:00+00:00,2026-08-05T07:25:00+00:00,,9.0,-25.0,DL9495,Delta Air Lines
2026-08-06T08:22:41.862309,BOM-AMS,2026-08-05,landed,2026-08-05T02:00:00+00:00,2026-08-05T02:09:00+00:00,,2026-08-05T07:50:00+00:00,2026-08-05T07:25:00+00:00,,9.0,-25.0,AF3132,Air France
2026-08-07T08:36:35.648700,DEL-LHR,2026-08-07,scheduled,2026-08-07T12:25:00+00:00,,,2026-08-07T19:00:00+00:00,,,,,AI2017,Air India
2026-08-07T08:36:35.648764,DEL-LHR,2026-08-07,scheduled,2026-08-07T11:10:00+00:00,,,2026-08-07T16:15:00+00:00,,,,,VS301,Virgin Atlantic
2026-08-07T08:36:35.648778,DEL-LHR,2026-08-07,scheduled,2026-08-07T10:30:00+00:00,,,2026-08-07T17:45:00+00:00,,10,,,6E3,IndiGo
2026-08-07T08:36:35.648787,DEL-LHR,2026-08-07,scheduled,2026-08-07T10:05:00+00:00,,,2026-08-07T15:20:00+00:00,,,,,BA256,British Airways
2026-08-07T08:36:35.648795,DEL-LHR,2026-08-07,active,2026-08-07T04:55:00+00:00,2026-08-07T05:02:00+00:00,32,2026-08-07T11:30:00+00:00,,8,7.0,,AC6451,Air Canada
2026-08-07T08:36:35.648826,DEL-LHR,2026-08-07,active,2026-08-07T04:55:00+00:00,2026-08-07T05:02:00+00:00,32,2026-08-07T11:30:00+00:00,,8,7.0,,TP7029,TAP Air Portugal
2026-08-07T08:36:35.648838,DEL-LHR,2026-08-07,active,2026-08-07T04:55:00+00:00,2026-08-07T05:02:00+00:00,32,2026-08-07T11:30:00+00:00,,8,7.0,,AI111,Air India
2026-08-07T08:36:35.648848,DEL-LHR,2026-08-07,active,2026-08-07T02:05:00+00:00,2026-08-07T02:37:00+00:00,,2026-08-07T07:20:00+00:00,,32,32.0,,VN3193,Vietnam Airlines
2026-08-07T08:36:35.648858,DEL-LHR,2026-08-07,active,2026-08-07T02:05:00+00:00,2026-08-07T02:37:00+00:00,,2026-08-07T07:20:00+00:00,,32,32.0,,DL5949,Delta Air Lines
2026-08-07T08:36:35.648867,DEL-LHR,2026-08-07,active,2026-08-07T01:35:00+00:00,2026-08-07T01:59:00+00:00,,2026-08-07T06:50:00+00:00,,25,24.0,,AA6662,American Airlines
2026-08-07T08:36:35.648877,DEL-LHR,2026-08-07,active,2026-08-07T00:55:00+00:00,2026-08-07T01:23:00+00:00,129,2026-08-07T07:30:00+00:00,,28,28.0,,AC6453,Air Canada
2026-08-07T08:36:35.648886,DEL-LHR,2026-08-07,active,2026-08-07T00:55:00+00:00,2026-08-07T01:23:00+00:00,129,2026-08-07T07:30:00+00:00,,28,28.0,,TP7023,TAP Air Portugal
2026-08-07T08:36:35.648895,DEL-LHR,2026-08-07,active,2026-08-07T00:55:00+00:00,2026-08-07T01:23:00+00:00,129,2026-08-07T07:30:00+00:00,,28,28.0,,SQ4921,Singapore Airlines
2026-08-07T08:36:35.648904,DEL-LHR,2026-08-07,active,2026-08-07T02:05:00+00:00,2026-08-07T02:37:00+00:00,,2026-08-07T07:20:00+00:00,,,32.0,,VS303,Virgin Atlantic
2026-08-07T08:36:35.648915,DEL-LHR,2026-08-07,active,2026-08-07T01:35:00+00:00,2026-08-07T01:59:00+00:00,,2026-08-07T06:50:00+00:00,,,24.0,,BA142,British Airways
2026-08-07T08:36:35.648924,DEL-LHR,2026-08-07,active,2026-08-07T00:55:00+00:00,2026-08-07T01:23:00+00:00,129,2026-08-07T07:30:00+00:00,,,28.0,,AI161,Air India
2026-08-07T08:36:35.648933,DEL-LHR,2026-08-06,,2026-08-06T10:30:00+00:00,2026-08-06T10:40:00+00:00,,2026-08-06T17:45:00+00:00,,,10.0,,6E,IndiGo
2026-08-07T08:36:35.648942,DEL-LHR,2026-08-06,landed,2026-08-06T11:10:00+00:00,2026-08-06T11:39:00+00:00,,2026-08-06T16:15:00+00:00,2026-08-06T15:47:00+00:00,,29.0,-28.0,VN3195,Vietnam Airlines
2026-08-07T08:36:35.648954,DEL-LHR,2026-08-06,landed,2026-08-06T11:10:00+00:00,2026-08-06T11:39:00+00:00,,2026-08-06T16:15:00+00:00,2026-08-06T15:47:00+00:00,,29.0,-28.0,DL5946,Delta Air Lines
2026-08-07T08:36:35.648966,DEL-LHR,2026-08-06,landed,2026-08-06T10:05:00+00:00,2026-08-06T10:25:00+00:00,,2026-08-06T15:20:00+00:00,2026-08-06T14:46:00+00:00,,20.0,-34.0,AA6664,American Airlines
2026-08-07T08:36:35.648977,DEL-LHR,2026-08-06,landed,2026-08-06T10:05:00+00:00,2026-08-06T10:25:00+00:00,,2026-08-06T15:20:00+00:00,2026-08-06T14:46:00+00:00,,20.0,-34.0,IB3609,Iberia
2026-08-07T08:36:35.648987,DEL-LHR,2026-08-06,landed,2026-08-06T13:30:00+00:00,2026-08-06T14:50:00+00:00,3,2026-08-06T20:00:00+00:00,2026-08-06T20:03:00+00:00,3,80.0,3.0,AI2015,Air India
2026-08-07T08:36:35.648998,DEL-LHR,2026-08-06,landed,2026-08-06T12:25:00+00:00,2026-08-06T13:27:00+00:00,3,2026-08-06T19:00:00+00:00,2026-08-06T19:03:00+00:00,3,62.0,3.0,AI2017,Air India
2026-08-07T08:36:35.649009,DEL-LHR,2026-08-06,landed,2026-08-06T11:10:00+00:00,2026-08-06T11:39:00+00:00,,2026-08-06T16:15:00+00:00,2026-08-06T15:47:00+00:00,,29.0,-28.0,VS301,Virgin Atlantic
2026-08-07T08:36:35.649020,DEL-LHR,2026-08-06,landed,2026-08-06T10:30:00+00:00,2026-08-06T11:08:00+00:00,,2026-08-06T17:45:00+00:00,2026-08-06T17:01:00+00:00,,38.0,-44.0,6E3,IndiGo
2026-08-07T08:36:35.649031,DEL-LHR,2026-08-06,landed,2026-08-06T10:05:00+00:00,2026-08-06T10:25:00+00:00,,2026-08-06T15:20:00+00:00,2026-08-06T14:46:00+00:00,,20.0,-34.0,BA256,British Airways
2026-08-07T08:36:35.649041,DEL-LHR,2026-08-06,landed,2026-08-06T05:30:00+00:00,2026-08-06T06:35:00+00:00,,2026-08-06T12:05:00+00:00,2026-08-06T11:56:00+00:00,,65.0,-9.0,AC6451,Air Canada
2026-08-07T08:36:35.649052,DEL-LHR,2026-08-06,landed,2026-08-06T05:30:00+00:00,2026-08-06T06:35:00+00:00,,2026-08-06T12:05:00+00:00,2026-08-06T11:56:00+00:00,,65.0,-9.0,TP7029,TAP Air Portugal
2026-08-07T08:36:35.649063,DEL-LHR,2026-08-06,landed,2026-08-06T02:05:00+00:00,2026-08-06T02:40:00+00:00,,2026-08-06T07:20:00+00:00,2026-08-06T06:53:00+00:00,,35.0,-27.0,VN3193,Vietnam Airlines
2026-08-07T08:36:35.649073,DEL-LHR,2026-08-06,landed,2026-08-06T02:05:00+00:00,2026-08-06T02:40:00+00:00,,2026-08-06T07:20:00+00:00,2026-08-06T06:53:00+00:00,,35.0,-27.0,DL5949,Delta Air Lines
2026-08-07T08:36:35.649086,DEL-LHR,2026-08-06,landed,2026-08-06T01:35:00+00:00,2026-08-06T02:01:00+00:00,,2026-08-06T06:50:00+00:00,2026-08-06T06:13:00+00:00,,26.0,-37.0,AA6662,American Airlines
2026-08-07T08:36:35.649097,DEL-LHR,2026-08-06,landed,2026-08-06T05:30:00+00:00,2026-08-06T06:35:00+00:00,,2026-08-06T12:05:00+00:00,2026-08-06T11:56:00+00:00,,65.0,-9.0,AI111,Air India
2026-08-07T08:36:35.649108,DEL-LHR,2026-08-06,landed,2026-08-06T00:55:00+00:00,2026-08-06T01:25:00+00:00,17,2026-08-06T07:30:00+00:00,2026-08-06T06:43:00+00:00,,30.0,-47.0,AC6453,Air Canada
2026-08-07T08:36:35.649119,DEL-LHR,2026-08-06,landed,2026-08-06T00:55:00+00:00,2026-08-06T01:25:00+00:00,17,2026-08-06T07:30:00+00:00,2026-08-06T06:43:00+00:00,,30.0,-47.0,TP7023,TAP Air Portugal
2026-08-07T08:36:35.649130,DEL-LHR,2026-08-06,landed,2026-08-06T00:55:00+00:00,2026-08-06T01:25:00+00:00,17,2026-08-06T07:30:00+00:00,2026-08-06T06:43:00+00:00,,30.0,-47.0,SQ4921,Singapore Airlines
2026-08-07T08:36:35.649141,DEL-LHR,2026-08-06,landed,2026-08-06T02:05:00+00:00,2026-08-06T02:40:00+00:00,,2026-08-06T07:20:00+00:00,2026-08-06T06:53:00+00:00,,35.0,-27.0,VS303,Virgin Atlantic
2026-08-07T08:36:35.649151,DEL-LHR,2026-08-06,landed,2026-08-06T01:35:00+00:00,2026-08-06T02:01:00+00:00,,2026-08-06T06:50:00+00:00,2026-08-06T06:13:00+00:00,,26.0,-37.0,BA142,British Airways
2026-08-07T08:36:35.649162,DEL-LHR,2026-08-06,landed,2026-08-06T00:55:00+00:00,2026-08-06T01:25:00+00:00,17,2026-08-06T07:30:00+00:00,2026-08-06T06:43:00+00:00,,30.0,-47.0,AI161,Air India
2026-08-07T08:36:36.144464,BLR-FRA,2026-08-07,active,2026-08-07T03:00:00+00:00,,,2026-08-07T09:05:00+00:00,,70,,,AI8755,Air India
2026-08-07T08:36:36.144491,BLR-FRA,2026-08-07,active,2026-08-07T03:00:00+00:00,,,2026-08-07T09:05:00+00:00,,70,,,AC9057,Air Canada
2026-08-07T08:36:36.144500,BLR-FRA,2026-08-07,scheduled,2026-08-07T03:00:00+00:00,,,2026-08-07T09:05:00+00:00,,,,,LH755,Lufthansa
2026-08-07T08:36:36.144508,BLR-FRA,2026-08-06,landed,2026-08-06T03:00:00+00:00,2026-08-06T03:19:00+00:00,,2026-08-06T09:05:00+00:00,2026-08-06T08:43:00+00:00,,19.0,-22.0,AI8755,Air India
2026-08-07T08:36:36.144537,BLR-FRA,2026-08-06,landed,2026-08-06T03:00:00+00:00,2026-08-06T03:19:00+00:00,,2026-08-06T09:05:00+00:00,2026-08-06T08:43:00+00:00,,19.0,-22.0,AC9057,Air Canada
2026-08-07T08:36:36.144550,BLR-FRA,2026-08-06,landed,2026-08-06T03:00:00+00:00,2026-08-06T03:19:00+00:00,,2026-08-06T09:05:00+00:00,2026-08-06T08:43:00+00:00,,19.0,-22.0,LH755,Lufthansa
2026-08-07T08:36:36.805998,BOM-AMS,2026-08-07,active,2026-08-07T04:55:00+00:00,2026-08-07T05:16:00+00:00,,2026-08-07T11:15:00+00:00,,22,21.0,,6E21,IndiGo
2026-08-07T08:36:36.806050,BOM-AMS,2026-08-07,cancelled,2026-08-07T02:00:00+00:00,,,2026-08-07T07:50:00+00:00,,,,,KL878,KLM
2026-08-07T08:36:36.806063,BOM-AMS,2026-08-07,cancelled,2026-08-07T02:00:00+00:00,,,2026-08-07T07:50:00+00:00,,,,,DL9495,Delta Air Lines
2026-08-07T08:36:36.806075,BOM-AMS,2026-08-07,cancelled,2026-08-07T02:00:00+00:00,,,2026-08-07T07:50:00+00:00,,,,,AF3132,Air France
2026-08-07T08:36:36.806087,BOM-AMS,2026-08-06,landed,2026-08-06T04:50:00+00:00,2026-08-06T05:01:00+00:00,,2026-08-06T11:15:00+00:00,2026-08-06T10:31:00+00:00,,11.0,-44.0,6E21,IndiGo
2026-08-07T08:36:36.806132,BOM-AMS,2026-08-06,landed,2026-08-06T02:00:00+00:00,2026-08-06T02:18:00+00:00,,2026-08-06T07:50:00+00:00,2026-08-06T07:25:00+00:00,,18.0,-25.0,KL878,KLM
2026-08-07T08:36:36.806151,BOM-AMS,2026-08-06,landed,2026-08-06T02:00:00+00:00,2026-08-06T02:18:00+00:00,,2026-08-06T07:50:00+00:00,2026-08-06T07:25:00+00:00,,18.0,-25.0,DL9495,Delta Air Lines
2026-08-07T08:36:36.806172,BOM-AMS,2026-08-06,landed,2026-08-06T02:00:00+00:00,2026-08-06T02:18:00+00:00,,2026-08-06T07:50:00+00:00,2026-08-06T07:25:00+00:00,,18.0,-25.0,AF3132,Air France
2026-08-08T19:29:27.417125,DEL-LHR,2026-08-09,scheduled,2026-08-09T01:35:00+00:00,,,2026-08-09T06:50:00+00:00,,,,,BA142,British Airways
2026-08-08T19:29:27.417208,DEL-LHR,2026-08-09,scheduled,2026-08-09T01:35:00+00:00,,,2026-08-09T06:50:00+00:00,,,,,AA6662,American Airlines
2026-08-08T19:29:27.417224,DEL-LHR,2026-08-09,scheduled,2026-08-09T00:55:00+00:00,,,2026-08-09T07:30:00+00:00,,,,,AI161,Air India
2026-08-08T19:29:27.417233,DEL-LHR,2026-08-09,scheduled,2026-08-09T00:55:00+00:00,,,2026-08-09T07:30:00+00:00,,,,,AC6453,Air Canada
2026-08-08T19:29:27.417240,DEL-LHR,2026-08-09,scheduled,2026-08-09T00:55:00+00:00,,,2026-08-09T07:30:00+00:00,,,,,TP7023,TAP Air Portugal
2026-08-08T19:29:27.417247,DEL-LHR,2026-08-09,scheduled,2026-08-09T00:55:00+00:00,,,2026-08-09T07:30:00+00:00,,,,,SQ4921,Singapore Airlines
2026-08-08T19:29:27.417254,DEL-LHR,2026-08-08,active,2026-08-08T11:10:00+00:00,2026-08-08T11:32:00+00:00,1,2026-08-08T16:15:00+00:00,,23,22.0,,VN3195,Vietnam Airlines
2026-08-08T19:29:27.417563,DEL-LHR,2026-08-08,active,2026-08-08T11:10:00+00:00,2026-08-08T11:32:00+00:00,1,2026-08-08T16:15:00+00:00,,23,22.0,,DL5946,Delta Air Lines
2026-08-08T19:29:27.417594,DEL-LHR,2026-08-08,active,2026-08-08T10:05:00+00:00,2026-08-08T10:13:00+00:00,,2026-08-08T15:20:00+00:00,,9,8.0,,AA6664,American Airlines
2026-08-08T19:29:27.417613,DEL-LHR,2026-08-08,active,2026-08-08T10:05:00+00:00,2026-08-08T10:13:00+00:00,,2026-08-08T15:20:00+00:00,,9,8.0,,IB3609,Iberia
2026-08-08T19:29:27.417629,DEL-LHR,2026-08-08,scheduled,2026-08-08T12:25:00+00:00,,,2026-08-08T19:00:00+00:00,,,,,AI2017,Air India
2026-08-08T19:29:27.417641,DEL-LHR,2026-08-08,scheduled,2026-08-08T12:25:00+00:00,,,2026-08-08T19:00:00+00:00,,,,,AI2015,Air India
2026-08-08T19:29:27.417652,DEL-LHR,2026-08-08,active,2026-08-08T11:10:00+00:00,2026-08-08T11:32:00+00:00,1,2026-08-08T16:15:00+00:00,,,22.0,,VS301,Virgin Atlantic
2026-08-08T19:29:27.417668,DEL-LHR,2026-08-08,active,2026-08-08T10:30:00+00:00,2026-08-08T11:09:00+00:00,62,2026-08-08T17:45:00+00:00,,,39.0,,6E3,IndiGo
2026-08-08T19:29:27.417683,DEL-LHR,2026-08-08,active,2026-08-08T10:05:00+00:00,2026-08-08T10:13:00+00:00,,2026-08-08T15:20:00+00:00,,,8.0,,BA256,British Airways
2026-08-08T19:29:27.417699,DEL-LHR,2026-08-08,landed,2026-08-08T02:05:00+00:00,2026-08-08T02:42:00+00:00,,2026-08-08T07:20:00+00:00,2026-08-08T06:56:00+00:00,,37.0,-24.0,VN3193,Vietnam Airlines
2026-08-08T19:29:27.417720,DEL-LHR,2026-08-08,landed,2026-08-08T02:05:00+00:00,2026-08-08T02:42:00+00:00,,2026-08-08T07:20:00+00:00,2026-08-08T06:56:00+00:00,,37.0,-24.0,DL5949,Delta Air Lines
2026-08-08T19:29:27.417738,DEL-LHR,2026-08-08,landed,2026-08-08T04:55:00+00:00,2026-08-08T05:14:00+00:00,,2026-08-08T11:30:00+00:00,2026-08-08T10:57:00+00:00,,19.0,-33.0,AI111,Air India
2026-08-08T19:29:27.417758,DEL-LHR,2026-08-08,landed,2026-08-08T04:55:00+00:00,2026-08-08T05:14:00+00:00,,2026-08-08T11:30:00+00:00,2026-08-08T10:57:00+00:00,,19.0,-33.0,AC6451,Air Canada
2026-08-08T19:29:27.417777,DEL-LHR,2026-08-08,landed,2026-08-08T04:55:00+00:00,2026-08-08T05:14:00+00:00,,2026-08-08T11:30:00+00:00,2026-08-08T10:57:00+00:00,,19.0,-33.0,TP7029,TAP Air Portugal
2026-08-08T19:29:27.417796,DEL-LHR,2026-08-08,landed,2026-08-08T01:35:00+00:00,2026-08-08T01:56:00+00:00,,2026-08-08T06:50:00+00:00,2026-08-08T06:14:00+00:00,,21.0,-36.0,AA6662,American Airlines
2026-08-08T19:29:27.417816,DEL-LHR,2026-08-08,landed,2026-08-08T00:55:00+00:00,2026-08-08T01:31:00+00:00,14,2026-08-08T07:30:00+00:00,2026-08-08T06:58:00+00:00,,36.0,-32.0,AC6453,Air Canada
2026-08-08T19:29:27.417835,DEL-LHR,2026-08-08,landed,2026-08-08T00:55:00+00:00,2026-08-08T01:31:00+00:00,14,2026-08-08T07:30:00+00:00,2026-08-08T06:58:00+00:00,,36.0,-32.0,TP7023,TAP Air Portugal
2026-08-08T19:29:27.417854,DEL-LHR,2026-08-08,landed,2026-08-08T00:55:00+00:00,2026-08-08T01:31:00+00:00,14,2026-08-08T07:30:00+00:00,2026-08-08T06:58:00+00:00,,36.0,-32.0,SQ4921,Singapore Airlines
2026-08-08T19:29:27.417874,DEL-LHR,2026-08-08,landed,2026-08-08T02:05:00+00:00,2026-08-08T02:42:00+00:00,,2026-08-08T07:20:00+00:00,2026-08-08T06:56:00+00:00,,37.0,-24.0,VS303,Virgin Atlantic
2026-08-08T19:29:27.417892,DEL-LHR,2026-08-08,landed,2026-08-08T01:35:00+00:00,2026-08-08T01:56:00+00:00,,2026-08-08T06:50:00+00:00,2026-08-08T06:14:00+00:00,,21.0,-36.0,BA142,British Airways
2026-08-08T19:29:27.417914,DEL-LHR,2026-08-08,landed,2026-08-08T00:55:00+00:00,2026-08-08T01:31:00+00:00,14,2026-08-08T07:30:00+00:00,2026-08-08T06:58:00+00:00,,36.0,-32.0,AI161,Air India
2026-08-08T19:29:27.417932,DEL-LHR,2026-08-07,landed,2026-08-07T11:10:00+00:00,2026-08-07T11:22:00+00:00,,2026-08-07T16:15:00+00:00,2026-08-07T15:35:00+00:00,,12.0,-40.0,VN3195,Vietnam Airlines
2026-08-08T19:29:27.417951,DEL-LHR,2026-08-07,landed,2026-08-07T11:10:00+00:00,2026-08-07T11:22:00+00:00,,2026-08-07T16:15:00+00:00,2026-08-07T15:35:00+00:00,,12.0,-40.0,DL5946,Delta Air Lines
2026-08-08T19:29:27.417969,DEL-LHR,2026-08-07,landed,2026-08-07T10:05:00+00:00,2026-08-07T10:20:00+00:00,,2026-08-07T15:20:00+00:00,2026-08-07T14:35:00+00:00,,15.0,-45.0,AA6664,American Airlines
2026-08-08T19:29:27.417986,DEL-LHR,2026-08-07,landed,2026-08-07T10:05:00+00:00,2026-08-07T10:20:00+00:00,,2026-08-07T15:20:00+00:00,2026-08-07T14:35:00+00:00,,15.0,-45.0,IB3609,Iberia
2026-08-08T19:29:27.418004,DEL-LHR,2026-08-07,landed,2026-08-07T12:25:00+00:00,2026-08-07T13:17:00+00:00,,2026-08-07T19:00:00+00:00,2026-08-07T18:46:00+00:00,,52.0,-14.0,AI2017,Air India
2026-08-08T19:29:27.418021,DEL-LHR,2026-08-07,landed,2026-08-07T11:10:00+00:00,2026-08-07T11:22:00+00:00,,2026-08-07T16:15:00+00:00,2026-08-07T15:35:00+00:00,,12.0,-40.0,VS301,Virgin Atlantic
2026-08-08T19:29:27.418040,DEL-LHR,2026-08-07,landed,2026-08-07T10:30:00+00:00,2026-08-07T10:49:00+00:00,100,2026-08-07T17:45:00+00:00,2026-08-07T16:41:00+00:00,,19.0,-64.0,6E3,IndiGo
2026-08-08T19:29:27.418057,DEL-LHR,2026-08-07,landed,2026-08-07T10:05:00+00:00,2026-08-07T10:20:00+00:00,,2026-08-07T15:20:00+00:00,2026-08-07T14:35:00+00:00,,15.0,-45.0,BA256,British Airways
2026-08-08T19:29:27.418075,DEL-LHR,2026-08-07,landed,2026-08-07T04:55:00+00:00,2026-08-07T05:02:00+00:00,32,2026-08-07T11:30:00+00:00,2026-08-07T10:41:00+00:00,,7.0,-49.0,AC6451,Air Canada
2026-08-08T19:29:27.418093,DEL-LHR,2026-08-07,landed,2026-08-07T04:55:00+00:00,2026-08-07T05:02:00+00:00,32,2026-08-07T11:30:00+00:00,2026-08-07T10:41:00+00:00,,7.0,-49.0,TP7029,TAP Air Portugal
2026-08-08T19:29:27.418112,DEL-LHR,2026-08-07,landed,2026-08-07T04:55:00+00:00,2026-08-07T05:02:00+00:00,32,2026-08-07T11:30:00+00:00,2026-08-07T10:41:00+00:00,,7.0,-49.0,AI111,Air India
2026-08-08T19:29:27.418130,DEL-LHR,2026-08-07,landed,2026-08-07T02:05:00+00:00,2026-08-07T02:37:00+00:00,,2026-08-07T07:20:00+00:00,2026-08-07T06:48:00+00:00,,32.0,-32.0,VN3193,Vietnam Airlines
2026-08-08T19:29:27.418148,DEL-LHR,2026-08-07,landed,2026-08-07T02:05:00+00:00,2026-08-07T02:37:00+00:00,,2026-08-07T07:20:00+00:00,2026-08-07T06:48:00+00:00,,32.0,-32.0,DL5949,Delta Air Lines
2026-08-08T19:29:27.418165,DEL-LHR,2026-08-07,landed,2026-08-07T01:35:00+00:00,2026-08-07T01:59:00+00:00,,2026-08-07T06:50:00+00:00,2026-08-07T06:11:00+00:00,,24.0,-39.0,AA6662,American Airlines
2026-08-08T19:29:27.418184,DEL-LHR,2026-08-07,landed,2026-08-07T00:55:00+00:00,2026-08-07T01:23:00+00:00,129,2026-08-07T07:30:00+00:00,2026-08-07T06:41:00+00:00,,28.0,-49.0,AC6453,Air Canada
2026-08-08T19:29:27.418201,DEL-LHR,2026-08-07,landed,2026-08-07T00:55:00+00:00,2026-08-07T01:23:00+00:00,129,2026-08-07T07:30:00+00:00,2026-08-07T06:41:00+00:00,,28.0,-49.0,TP7023,TAP Air Portugal
2026-08-08T19:29:27.418220,DEL-LHR,2026-08-07,landed,2026-08-07T00:55:00+00:00,2026-08-07T01:23:00+00:00,129,2026-08-07T07:30:00+00:00,2026-08-07T06:41:00+00:00,,28.0,-49.0,SQ4921,Singapore Airlines
2026-08-08T19:29:27.418237,DEL-LHR,2026-08-07,landed,2026-08-07T02:05:00+00:00,2026-08-07T02:37:00+00:00,,2026-08-07T07:20:00+00:00,2026-08-07T06:48:00+00:00,,32.0,-32.0,VS303,Virgin Atlantic
2026-08-08T19:29:27.418254,DEL-LHR,2026-08-07,landed,2026-08-07T01:35:00+00:00,2026-08-07T01:59:00+00:00,,2026-08-07T06:50:00+00:00,2026-08-07T06:11:00+00:00,,24.0,-39.0,BA142,British Airways
2026-08-08T19:29:27.418780,DEL-LHR,2026-08-07,landed,2026-08-07T00:55:00+00:00,2026-08-07T01:23:00+00:00,129,2026-08-07T07:30:00+00:00,2026-08-07T06:41:00+00:00,,28.0,-49.0,AI161,Air India
2026-08-08T19:29:28.011031,BLR-FRA,2026-08-08,landed,2026-08-08T03:00:00+00:00,2026-08-08T03:37:00+00:00,4,2026-08-08T09:05:00+00:00,2026-08-08T09:09:00+00:00,4,37.0,4.0,AI8755,Air India
2026-08-08T19:29:28.011090,BLR-FRA,2026-08-08,landed,2026-08-08T03:00:00+00:00,2026-08-08T03:37:00+00:00,4,2026-08-08T09:05:00+00:00,2026-08-08T09:09:00+00:00,4,37.0,4.0,AC9057,Air Canada
2026-08-08T19:29:28.011114,BLR-FRA,2026-08-08,landed,2026-08-08T03:00:00+00:00,2026-08-08T03:37:00+00:00,4,2026-08-08T09:05:00+00:00,2026-08-08T09:09:00+00:00,4,37.0,4.0,LH755,Lufthansa
2026-08-08T19:29:28.011135,BLR-FRA,2026-08-07,landed,2026-08-07T03:00:00+00:00,2026-08-07T04:11:00+00:00,38,2026-08-07T09:05:00+00:00,2026-08-07T09:43:00+00:00,38,71.0,38.0,AI8755,Air India
2026-08-08T19:29:28.011157,BLR-FRA,2026-08-07,landed,2026-08-07T03:00:00+00:00,2026-08-07T04:11:00+00:00,38,2026-08-07T09:05:00+00:00,2026-08-07T09:43:00+00:00,38,71.0,38.0,AC9057,Air Canada
2026-08-08T19:29:28.011177,BLR-FRA,2026-08-07,landed,2026-08-07T03:00:00+00:00,2026-08-07T04:11:00+00:00,38,2026-08-07T09:05:00+00:00,2026-08-07T09:43:00+00:00,38,71.0,38.0,LH755,Lufthansa
2026-08-08T19:29:28.380282,BOM-AMS,2026-08-08,landed,2026-08-08T08:20:00+00:00,2026-08-08T08:31:00+00:00,,2026-08-08T14:10:00+00:00,2026-08-08T13:51:00+00:00,,11.0,-19.0,CI5685,China Airlines
2026-08-08T19:29:28.380335,BOM-AMS,2026-08-08,landed,2026-08-08T04:50:00+00:00,2026-08-08T05:15:00+00:00,,2026-08-08T11:15:00+00:00,2026-08-08T10:45:00+00:00,,25.0,-30.0,6E21,IndiGo
2026-08-08T19:29:28.380354,BOM-AMS,2026-08-08,landed,2026-08-08T02:00:00+00:00,2026-08-08T03:18:00+00:00,27,2026-08-08T07:50:00+00:00,2026-08-08T08:17:00+00:00,27,78.0,27.0,KL878,KLM
2026-08-08T19:29:28.380372,BOM-AMS,2026-08-08,landed,2026-08-08T02:00:00+00:00,2026-08-08T03:18:00+00:00,27,2026-08-08T07:50:00+00:00,2026-08-08T08:17:00+00:00,27,78.0,27.0,DL9495,Delta Air Lines
2026-08-08T19:29:28.380390,BOM-AMS,2026-08-08,landed,2026-08-08T02:00:00+00:00,2026-08-08T03:18:00+00:00,27,2026-08-08T07:50:00+00:00,2026-08-08T08:17:00+00:00,27,78.0,27.0,AF3132,Air France
2026-08-08T19:29:28.380406,BOM-AMS,2026-08-07,landed,2026-08-07T04:55:00+00:00,2026-08-07T05:16:00+00:00,,2026-08-07T11:15:00+00:00,2026-08-07T10:50:00+00:00,,21.0,-25.0,6E21,IndiGo
2026-08-08T19:29:28.380423,BOM-AMS,2026-08-07,cancelled,2026-08-07T02:00:00+00:00,,,2026-08-07T07:50:00+00:00,,,,,KL878,KLM
2026-08-08T19:29:28.380434,BOM-AMS,2026-08-07,cancelled,2026-08-07T02:00:00+00:00,,,2026-08-07T07:50:00+00:00,,,,,DL9495,Delta Air Lines
2026-08-08T19:29:28.380447,BOM-AMS,2026-08-07,cancelled,2026-08-07T02:00:00+00:00,,,2026-08-07T07:50:00+00:00,,,,,AF3132,Air France
2026-08-09T14:50:46.486734,DEL-LHR,2026-08-09,active,2026-08-09T11:10:00+00:00,2026-08-09T11:26:00+00:00,,2026-08-09T16:15:00+00:00,,17,16.0,,VN3195,Vietnam Airlines
2026-08-09T14:50:46.486822,DEL-LHR,2026-08-09,active,2026-08-09T11:10:00+00:00,2026-08-09T11:26:00+00:00,,2026-08-09T16:15:00+00:00,,17,16.0,,DL5946,Delta Air Lines
2026-08-09T14:50:46.486844,DEL-LHR,2026-08-09,active,2026-08-09T10:30:00+00:00,2026-08-09T10:50:00+00:00,43,2026-08-09T17:45:00+00:00,,21,20.0,,6E3,Norse
2026-08-09T14:50:46.486859,DEL-LHR,2026-08-09,active,2026-08-09T10:05:00+00:00,2026-08-09T10:11:00+00:00,,2026-08-09T15:20:00+00:00,,7,6.0,,AA6664,American Airlines
2026-08-09T14:50:46.486871,DEL-LHR,2026-08-09,active,2026-08-09T10:05:00+00:00,2026-08-09T10:11:00+00:00,,2026-08-09T15:20:00+00:00,,7,6.0,,IB3609,Iberia
2026-08-09T14:50:46.486882,DEL-LHR,2026-08-09,active,2026-08-09T12:25:00+00:00,2026-08-09T12:45:00+00:00,34,2026-08-09T19:00:00+00:00,,20,20.0,,AI2017,Air India
2026-08-09T14:50:46.486893,DEL-LHR,2026-08-09,scheduled,2026-08-09T11:10:00+00:00,2026-08-09T11:26:00+00:00,,2026-08-09T16:15:00+00:00,,,16.0,,VS301,Virgin Atlantic
2026-08-09T14:50:46.486903,DEL-LHR,2026-08-09,scheduled,2026-08-09T10:30:00+00:00,,,2026-08-09T17:45:00+00:00,,10,,,N03,Norse
2026-08-09T14:50:46.486911,DEL-LHR,2026-08-09,scheduled,2026-08-09T10:05:00+00:00,2026-08-09T10:11:00+00:00,,2026-08-09T15:20:00+00:00,,,6.0,,BA256,British Airways
2026-08-09T14:50:46.486921,DEL-LHR,2026-08-09,active,2026-08-09T04:55:00+00:00,2026-08-09T05:28:00+00:00,49,2026-08-09T11:30:00+00:00,,33,33.0,,AC6451,Air Canada
2026-08-09T14:50:46.486931,DEL-LHR,2026-08-09,active,2026-08-09T04:55:00+00:00,2026-08-09T05:28:00+00:00,49,2026-08-09T11:30:00+00:00,,33,33.0,,TP7029,TAP Air Portugal
2026-08-09T14:50:46.486942,DEL-LHR,2026-08-09,landed,2026-08-09T02:05:00+00:00,2026-08-09T02:29:00+00:00,,2026-08-09T07:20:00+00:00,2026-08-09T06:40:00+00:00,,24.0,-40.0,VN3193,Vietnam Airlines
2026-08-09T14:50:46.486956,DEL-LHR,2026-08-09,landed,2026-08-09T02:05:00+00:00,2026-08-09T02:29:00+00:00,,2026-08-09T07:20:00+00:00,2026-08-09T06:40:00+00:00,,24.0,-40.0,DL5949,Delta Air Lines
2026-08-09T14:50:46.486969,DEL-LHR,2026-08-09,active,2026-08-09T04:55:00+00:00,2026-08-09T05:28:00+00:00,49,2026-08-09T11:30:00+00:00,,,33.0,,AI111,Air India
2026-08-09T14:50:46.486979,DEL-LHR,2026-08-09,landed,2026-08-09T02:05:00+00:00,2026-08-09T02:29:00+00:00,,2026-08-09T07:20:00+00:00,2026-08-09T06:40:00+00:00,,24.0,-40.0,VS303,Virgin Atlantic
2026-08-09T14:50:46.486991,DEL-LHR,2026-08-09,landed,2026-08-09T01:35:00+00:00,2026-08-09T02:16:00+00:00,,2026-08-09T06:50:00+00:00,2026-08-09T06:23:00+00:00,,41.0,-27.0,BA142,British Airways
2026-08-09T14:50:46.487004,DEL-LHR,2026-08-09,landed,2026-08-09T01:35:00+00:00,2026-08-09T02:16:00+00:00,,2026-08-09T06:50:00+00:00,2026-08-09T06:23:00+00:00,,41.0,-27.0,AA6662,American Airlines
2026-08-09T14:50:46.487016,DEL-LHR,2026-08-09,landed,2026-08-09T00:55:00+00:00,2026-08-09T01:50:00+00:00,,2026-08-09T07:30:00+00:00,2026-08-09T07:17:00+00:00,,55.0,-13.0,AI161,Air India
2026-08-09T14:50:46.487029,DEL-LHR,2026-08-09,landed,2026-08-09T00:55:00+00:00,2026-08-09T01:50:00+00:00,,2026-08-09T07:30:00+00:00,2026-08-09T07:17:00+00:00,,55.0,-13.0,AC6453,Air Canada
2026-08-09T14:50:46.487041,DEL-LHR,2026-08-09,landed,2026-08-09T00:55:00+00:00,2026-08-09T01:50:00+00:00,,2026-08-09T07:30:00+00:00,2026-08-09T07:17:00+00:00,,55.0,-13.0,TP7023,TAP Air Portugal
2026-08-09T14:50:46.487053,DEL-LHR,2026-08-09,landed,2026-08-09T00:55:00+00:00,2026-08-09T01:50:00+00:00,,2026-08-09T07:30:00+00:00,2026-08-09T07:17:00+00:00,,55.0,-13.0,SQ4921,Singapore Airlines
2026-08-09T14:50:46.487065,DEL-LHR,2026-08-08,landed,2026-08-08T11:10:00+00:00,2026-08-08T11:32:00+00:00,1,2026-08-08T16:15:00+00:00,2026-08-08T15:36:00+00:00,,22.0,-39.0,VN3195,Vietnam Airlines
2026-08-09T14:50:46.487082,DEL-LHR,2026-08-08,landed,2026-08-08T11:10:00+00:00,2026-08-08T11:32:00+00:00,1,2026-08-08T16:15:00+00:00,2026-08-08T15:36:00+00:00,,22.0,-39.0,DL5946,Delta Air Lines
2026-08-09T14:50:46.487096,DEL-LHR,2026-08-08,landed,2026-08-08T10:05:00+00:00,2026-08-08T10:13:00+00:00,,2026-08-08T15:20:00+00:00,2026-08-08T14:34:00+00:00,,8.0,-46.0,AA6664,American Airlines
2026-08-09T14:50:46.487108,DEL-LHR,2026-08-08,landed,2026-08-08T10:05:00+00:00,2026-08-08T10:13:00+00:00,,2026-08-08T15:20:00+00:00,2026-08-08T14:34:00+00:00,,8.0,-46.0,IB3609,Iberia
2026-08-09T14:50:46.487121,DEL-LHR,2026-08-08,landed,2026-08-08T12:25:00+00:00,2026-08-08T13:32:00+00:00,1,2026-08-08T19:00:00+00:00,2026-08-08T19:01:00+00:00,1,67.0,1.0,AI2017,Air India
2026-08-09T14:50:46.487133,DEL-LHR,2026-08-08,landed,2026-08-08T12:25:00+00:00,2026-08-08T13:20:00+00:00,,2026-08-08T19:00:00+00:00,2026-08-08T18:42:00+00:00,,55.0,-18.0,AI2015,Air India
2026-08-09T14:50:46.487145,DEL-LHR,2026-08-08,landed,2026-08-08T11:10:00+00:00,2026-08-08T11:32:00+00:00,1,2026-08-08T16:15:00+00:00,2026-08-08T15:36:00+00:00,,22.0,-39.0,VS301,Virgin Atlantic
2026-08-09T14:50:46.487157,DEL-LHR,2026-08-08,landed,2026-08-08T10:30:00+00:00,2026-08-08T11:09:00+00:00,62,2026-08-08T17:45:00+00:00,2026-08-08T17:12:00+00:00,,39.0,-33.0,6E3,IndiGo
2026-08-09T14:50:46.487169,DEL-LHR,2026-08-08,landed,2026-08-08T10:05:00+00:00,2026-08-08T10:13:00+00:00,,2026-08-08T15:20:00+00:00,2026-08-08T14:34:00+00:00,,8.0,-46.0,BA256,British Airways
2026-08-09T14:50:46.487181,DEL-LHR,2026-08-08,landed,2026-08-08T02:05:00+00:00,2026-08-08T02:42:00+00:00,,2026-08-08T07:20:00+00:00,2026-08-08T06:56:00+00:00,,37.0,-24.0,VN3193,Vietnam Airlines
2026-08-09T14:50:46.487193,DEL-LHR,2026-08-08,landed,2026-08-08T02:05:00+00:00,2026-08-08T02:42:00+00:00,,2026-08-08T07:20:00+00:00,2026-08-08T06:56:00+00:00,,37.0,-24.0,DL5949,Delta Air Lines
2026-08-09T14:50:46.487205,DEL-LHR,2026-08-08,landed,2026-08-08T04:55:00+00:00,2026-08-08T05:14:00+00:00,,2026-08-08T11:30:00+00:00,2026-08-08T10:57:00+00:00,,19.0,-33.0,AI111,Air India
2026-08-09T14:50:46.487217,DEL-LHR,2026-08-08,landed,2026-08-08T04:55:00+00:00,2026-08-08T05:14:00+00:00,,2026-08-08T11:30:00+00:00,2026-08-08T10:57:00+00:00,,19.0,-33.0,AC6451,Air Canada
2026-08-09T14:50:46.487230,DEL-LHR,2026-08-08,landed,2026-08-08T04:55:00+00:00,2026-08-08T05:14:00+00:00,,2026-08-08T11:30:00+00:00,2026-08-08T10:57:00+00:00,,19.0,-33.0,TP7029,TAP Air Portugal
2026-08-09T14:50:46.487242,DEL-LHR,2026-08-08,landed,2026-08-08T01:35:00+00:00,2026-08-08T01:56:00+00:00,,2026-08-08T06:50:00+00:00,2026-08-08T06:14:00+00:00,,21.0,-36.0,AA6662,American Airlines
2026-08-09T14:50:46.487254,DEL-LHR,2026-08-08,landed,2026-08-08T00:55:00+00:00,2026-08-08T01:31:00+00:00,14,2026-08-08T07:30:00+00:00,2026-08-08T06:58:00+00:00,,36.0,-32.0,AC6453,Air Canada
2026-08-09T14:50:46.487266,DEL-LHR,2026-08-08,landed,2026-08-08T00:55:00+00:00,2026-08-08T01:31:00+00:00,14,2026-08-08T07:30:00+00:00,2026-08-08T06:58:00+00:00,,36.0,-32.0,TP7023,TAP Air Portugal
2026-08-09T14:50:46.487279,DEL-LHR,2026-08-08,landed,2026-08-08T00:55:00+00:00,2026-08-08T01:31:00+00:00,14,2026-08-08T07:30:00+00:00,2026-08-08T06:58:00+00:00,,36.0,-32.0,SQ4921,Singapore Airlines
2026-08-09T14:50:46.487291,DEL-LHR,2026-08-08,landed,2026-08-08T02:05:00+00:00,2026-08-08T02:42:00+00:00,,2026-08-08T07:20:00+00:00,2026-08-08T06:56:00+00:00,,37.0,-24.0,VS303,Virgin Atlantic
2026-08-09T14:50:46.487303,DEL-LHR,2026-08-08,landed,2026-08-08T01:35:00+00:00,2026-08-08T01:56:00+00:00,,2026-08-08T06:50:00+00:00,2026-08-08T06:14:00+00:00,,21.0,-36.0,BA142,British Airways
2026-08-09T14:50:46.487315,DEL-LHR,2026-08-08,landed,2026-08-08T00:55:00+00:00,2026-08-08T01:31:00+00:00,14,2026-08-08T07:30:00+00:00,2026-08-08T06:58:00+00:00,,36.0,-32.0,AI161,Air India
2026-08-09T14:50:47.008233,BLR-FRA,2026-08-09,landed,2026-08-09T03:00:00+00:00,2026-08-09T03:48:00+00:00,21,2026-08-09T09:05:00+00:00,2026-08-09T09:26:00+00:00,21,48.0,21.0,AI8755,Air India
2026-08-09T14:50:47.008276,BLR-FRA,2026-08-09,landed,2026-08-09T03:00:00+00:00,2026-08-09T03:48:00+00:00,21,2026-08-09T09:05:00+00:00,2026-08-09T09:26:00+00:00,21,48.0,21.0,AC9057,Air Canada
2026-08-09T14:50:47.008290,BLR-FRA,2026-08-09,landed,2026-08-09T03:00:00+00:00,2026-08-09T03:48:00+00:00,21,2026-08-09T09:05:00+00:00,2026-08-09T09:26:00+00:00,21,48.0,21.0,LH755,Lufthansa
2026-08-09T14:50:47.008303,BLR-FRA,2026-08-08,landed,2026-08-08T03:00:00+00:00,2026-08-08T03:37:00+00:00,4,2026-08-08T09:05:00+00:00,2026-08-08T09:09:00+00:00,4,37.0,4.0,AI8755,Air India
2026-08-09T14:50:47.008316,BLR-FRA,2026-08-08,landed,2026-08-08T03:00:00+00:00,2026-08-08T03:37:00+00:00,4,2026-08-08T09:05:00+00:00,2026-08-08T09:09:00+00:00,4,37.0,4.0,AC9057,Air Canada
2026-08-09T14:50:47.008328,BLR-FRA,2026-08-08,landed,2026-08-08T03:00:00+00:00,2026-08-08T03:37:00+00:00,4,2026-08-08T09:05:00+00:00,2026-08-08T09:09:00+00:00,4,37.0,4.0,LH755,Lufthansa
2026-08-09T14:50:47.506077,BOM-AMS,2026-08-09,active,2026-08-09T04:55:00+00:00,2026-08-09T05:09:00+00:00,,2026-08-09T11:15:00+00:00,,,14.0,,6E21,IndiGo
2026-08-09T14:50:47.506121,BOM-AMS,2026-08-09,landed,2026-08-09T02:00:00+00:00,2026-08-09T02:16:00+00:00,,2026-08-09T07:50:00+00:00,2026-08-09T07:41:00+00:00,,16.0,-9.0,DL9495,Delta Air Lines
2026-08-09T14:50:47.506139,BOM-AMS,2026-08-09,landed,2026-08-09T02:00:00+00:00,2026-08-09T02:16:00+00:00,,2026-08-09T07:50:00+00:00,2026-08-09T07:41:00+00:00,,16.0,-9.0,AF3132,Air France
2026-08-09T14:50:47.506154,BOM-AMS,2026-08-09,landed,2026-08-09T02:00:00+00:00,2026-08-09T02:16:00+00:00,,2026-08-09T07:50:00+00:00,2026-08-09T07:41:00+00:00,,16.0,-9.0,KL878,KLM
2026-08-09T14:50:47.506168,BOM-AMS,2026-08-08,landed,2026-08-08T08:20:00+00:00,2026-08-08T08:31:00+00:00,,2026-08-08T14:10:00+00:00,2026-08-08T13:51:00+00:00,,11.0,-19.0,CI5685,China Airlines
2026-08-09T14:50:47.506183,BOM-AMS,2026-08-08,landed,2026-08-08T04:50:00+00:00,2026-08-08T05:15:00+00:00,,2026-08-08T11:15:00+00:00,2026-08-08T10:45:00+00:00,,25.0,-30.0,6E21,IndiGo
2026-08-09T14:50:47.506197,BOM-AMS,2026-08-08,landed,2026-08-08T02:00:00+00:00,2026-08-08T03:18:00+00:00,27,2026-08-08T07:50:00+00:00,2026-08-08T08:17:00+00:00,27,78.0,27.0,KL878,KLM
2026-08-09T14:50:47.506211,BOM-AMS,2026-08-08,landed,2026-08-08T02:00:00+00:00,2026-08-08T03:18:00+00:00,27,2026-08-08T07:50:00+00:00,2026-08-08T08:17:00+00:00,27,78.0,27.0,DL9495,Delta Air Lines
2026-08-09T14:50:47.506224,BOM-AMS,2026-08-08,landed,2026-08-08T02:00:00+00:00,2026-08-08T03:18:00+00:00,27,2026-08-08T07:50:00+00:00,2026-08-08T08:17:00+00:00,27,78.0,27.0,AF3132,Air France
2026-08-10T18:18:11.346334,DEL-LHR,2026-08-10,active,2026-08-10T11:10:00+00:00,2026-08-10T11:28:00+00:00,,2026-08-10T16:15:00+00:00,,19,18.0,,VN3195,Vietnam Airlines
2026-08-10T18:18:11.346461,DEL-LHR,2026-08-10,active,2026-08-10T11:10:00+00:00,2026-08-10T11:28:00+00:00,,2026-08-10T16:15:00+00:00,,19,18.0,,DL5946,Delta Air Lines
2026-08-10T18:18:11.346491,DEL-LHR,2026-08-10,active,2026-08-10T10:05:00+00:00,2026-08-10T10:23:00+00:00,,2026-08-10T15:20:00+00:00,,19,18.0,,AA6664,American Airlines
2026-08-10T18:18:11.346512,DEL-LHR,2026-08-10,active,2026-08-10T10:05:00+00:00,2026-08-10T10:23:00+00:00,,2026-08-10T15:20:00+00:00,,19,18.0,,IB3609,Iberia
2026-08-10T18:18:11.346529,DEL-LHR,2026-08-10,scheduled,2026-08-10T12:25:00+00:00,2026-08-10T13:07:00+00:00,58,2026-08-10T19:00:00+00:00,,57,42.0,,AI2017,Air India
2026-08-10T18:18:11.346546,DEL-LHR,2026-08-10,active,2026-08-10T11:10:00+00:00,2026-08-10T11:28:00+00:00,,2026-08-10T16:15:00+00:00,,,18.0,,VS301,Virgin Atlantic
2026-08-10T18:18:11.346562,DEL-LHR,2026-08-10,active,2026-08-10T10:30:00+00:00,2026-08-10T11:02:00+00:00,107,2026-08-10T17:45:00+00:00,,,32.0,,6E3,IndiGo
2026-08-10T18:18:11.346577,DEL-LHR,2026-08-10,active,2026-08-10T10:05:00+00:00,2026-08-10T10:23:00+00:00,,2026-08-10T15:20:00+00:00,,,18.0,,BA256,British Airways
2026-08-10T18:18:11.346592,DEL-LHR,2026-08-10,landed,2026-08-10T04:55:00+00:00,2026-08-10T05:15:00+00:00,,2026-08-10T11:30:00+00:00,2026-08-10T10:38:00+00:00,,20.0,-52.0,AC6451,Air Canada
2026-08-10T18:18:11.346615,DEL-LHR,2026-08-10,landed,2026-08-10T04:55:00+00:00,2026-08-10T05:15:00+00:00,,2026-08-10T11:30:00+00:00,2026-08-10T10:38:00+00:00,,20.0,-52.0,TP7029,TAP Air Portugal
2026-08-10T18:18:11.346636,DEL-LHR,2026-08-10,landed,2026-08-10T04:55:00+00:00,2026-08-10T05:15:00+00:00,,2026-08-10T11:30:00+00:00,2026-08-10T10:38:00+00:00,,20.0,-52.0,AI111,Air India
2026-08-10T18:18:11.346655,DEL-LHR,2026-08-10,landed,2026-08-10T02:05:00+00:00,2026-08-10T02:29:00+00:00,,2026-08-10T07:20:00+00:00,2026-08-10T06:41:00+00:00,,24.0,-39.0,VS303,Virgin Atlantic
2026-08-10T18:18:11.346676,DEL-LHR,2026-08-10,landed,2026-08-10T02:05:00+00:00,2026-08-10T02:29:00+00:00,,2026-08-10T07:20:00+00:00,2026-08-10T06:41:00+00:00,,24.0,-39.0,VN3193,Vietnam Airlines
2026-08-10T18:18:11.346696,DEL-LHR,2026-08-10,landed,2026-08-10T02:05:00+00:00,2026-08-10T02:29:00+00:00,,2026-08-10T07:20:00+00:00,2026-08-10T06:41:00+00:00,,24.0,-39.0,DL5949,Delta Air Lines
2026-08-10T18:18:11.346716,DEL-LHR,2026-08-10,cancelled,2026-08-10T01:35:00+00:00,,,2026-08-10T06:50:00+00:00,,,,,BA142,British Airways
2026-08-10T18:18:11.346729,DEL-LHR,2026-08-10,cancelled,2026-08-10T01:35:00+00:00,,,2026-08-10T06:50:00+00:00,,,,,AA6662,American Airlines
2026-08-10T18:18:11.346741,DEL-LHR,2026-08-10,landed,2026-08-10T00:55:00+00:00,2026-08-10T01:15:00+00:00,28,2026-08-10T07:30:00+00:00,2026-08-10T06:43:00+00:00,,20.0,-47.0,AI161,Air India
2026-08-10T18:18:11.346762,DEL-LHR,2026-08-10,landed,2026-08-10T00:55:00+00:00,2026-08-10T01:15:00+00:00,28,2026-08-10T07:30:00+00:00,2026-08-10T06:43:00+00:00,,20.0,-47.0,AC6453,Air Canada
2026-08-10T18:18:11.346782,DEL-LHR,2026-08-10,landed,2026-08-10T00:55:00+00:00,2026-08-10T01:15:00+00:00,28,2026-08-10T07:30:00+00:00,2026-08-10T06:43:00+00:00,,20.0,-47.0,TP7023,TAP Air Portugal
2026-08-10T18:18:11.346802,DEL-LHR,2026-08-10,landed,2026-08-10T00:55:00+00:00,2026-08-10T01:15:00+00:00,28,2026-08-10T07:30:00+00:00,2026-08-10T06:43:00+00:00,,20.0,-47.0,SQ4921,Singapore Airlines
2026-08-10T18:18:11.346823,DEL-LHR,2026-08-09,landed,2026-08-09T11:10:00+00:00,2026-08-09T11:26:00+00:00,,2026-08-09T16:15:00+00:00,2026-08-09T15:35:00+00:00,,16.0,-40.0,VN3195,Vietnam Airlines
2026-08-10T18:18:11.346843,DEL-LHR,2026-08-09,landed,2026-08-09T11:10:00+00:00,2026-08-09T11:26:00+00:00,,2026-08-09T16:15:00+00:00,2026-08-09T15:35:00+00:00,,16.0,-40.0,DL5946,Delta Air Lines
2026-08-10T18:18:11.346867,DEL-LHR,2026-08-09,landed,2026-08-09T10:30:00+00:00,2026-08-09T10:50:00+00:00,43,2026-08-09T17:45:00+00:00,2026-08-09T16:51:00+00:00,,20.0,-54.0,6E3,Norse
2026-08-10T18:18:11.346886,DEL-LHR,2026-08-09,landed,2026-08-09T10:05:00+00:00,2026-08-09T10:11:00+00:00,,2026-08-09T15:20:00+00:00,2026-08-09T14:36:00+00:00,,6.0,-44.0,AA6664,American Airlines
2026-08-10T18:18:11.346905,DEL-LHR,2026-08-09,landed,2026-08-09T10:05:00+00:00,2026-08-09T10:11:00+00:00,,2026-08-09T15:20:00+00:00,2026-08-09T14:36:00+00:00,,6.0,-44.0,IB3609,Iberia
2026-08-10T18:18:11.346925,DEL-LHR,2026-08-09,landed,2026-08-09T12:25:00+00:00,2026-08-09T12:45:00+00:00,34,2026-08-09T19:00:00+00:00,2026-08-09T18:16:00+00:00,,20.0,-44.0,AI2017,Air India
2026-08-10T18:18:11.346945,DEL-LHR,2026-08-09,landed,2026-08-09T11:10:00+00:00,2026-08-09T11:26:00+00:00,,2026-08-09T16:15:00+00:00,2026-08-09T15:35:00+00:00,,16.0,-40.0,VS301,Virgin Atlantic
2026-08-10T18:18:11.346966,DEL-LHR,2026-08-09,scheduled,2026-08-09T10:30:00+00:00,,,2026-08-09T17:45:00+00:00,,10,,,N03,Norse
2026-08-10T18:18:11.346978,DEL-LHR,2026-08-09,landed,2026-08-09T10:05:00+00:00,2026-08-09T10:11:00+00:00,,2026-08-09T15:20:00+00:00,2026-08-09T14:36:00+00:00,,6.0,-44.0,BA256,British Airways
2026-08-10T18:18:11.346998,DEL-LHR,2026-08-09,landed,2026-08-09T04:55:00+00:00,2026-08-09T05:28:00+00:00,49,2026-08-09T11:30:00+00:00,2026-08-09T10:50:00+00:00,,33.0,-40.0,AC6451,Air Canada
2026-08-10T18:18:11.347018,DEL-LHR,2026-08-09,landed,2026-08-09T04:55:00+00:00,2026-08-09T05:28:00+00:00,49,2026-08-09T11:30:00+00:00,2026-08-09T10:50:00+00:00,,33.0,-40.0,TP7029,TAP Air Portugal
2026-08-10T18:18:11.347039,DEL-LHR,2026-08-09,landed,2026-08-09T02:05:00+00:00,2026-08-09T02:29:00+00:00,,2026-08-09T07:20:00+00:00,2026-08-09T06:40:00+00:00,,24.0,-40.0,VN3193,Vietnam Airlines
2026-08-10T18:18:11.347060,DEL-LHR,2026-08-09,landed,2026-08-09T02:05:00+00:00,2026-08-09T02:29:00+00:00,,2026-08-09T07:20:00+00:00,2026-08-09T06:40:00+00:00,,24.0,-40.0,DL5949,Delta Air Lines
2026-08-10T18:18:11.347080,DEL-LHR,2026-08-09,landed,2026-08-09T04:55:00+00:00,2026-08-09T05:28:00+00:00,49,2026-08-09T11:30:00+00:00,2026-08-09T10:50:00+00:00,,33.0,-40.0,AI111,Air India
2026-08-10T18:18:11.347100,DEL-LHR,2026-08-09,landed,2026-08-09T02:05:00+00:00,2026-08-09T02:29:00+00:00,,2026-08-09T07:20:00+00:00,2026-08-09T06:40:00+00:00,,24.0,-40.0,VS303,Virgin Atlantic
2026-08-10T18:18:11.347120,DEL-LHR,2026-08-09,landed,2026-08-09T01:35:00+00:00,2026-08-09T02:16:00+00:00,,2026-08-09T06:50:00+00:00,2026-08-09T06:23:00+00:00,,41.0,-27.0,BA142,British Airways
2026-08-10T18:18:11.347139,DEL-LHR,2026-08-09,landed,2026-08-09T01:35:00+00:00,2026-08-09T02:16:00+00:00,,2026-08-09T06:50:00+00:00,2026-08-09T06:23:00+00:00,,41.0,-27.0,AA6662,American Airlines
2026-08-10T18:18:11.347158,DEL-LHR,2026-08-09,landed,2026-08-09T00:55:00+00:00,2026-08-09T01:50:00+00:00,,2026-08-09T07:30:00+00:00,2026-08-09T07:17:00+00:00,,55.0,-13.0,AI161,Air India
2026-08-10T18:18:11.347177,DEL-LHR,2026-08-09,landed,2026-08-09T00:55:00+00:00,2026-08-09T01:50:00+00:00,,2026-08-09T07:30:00+00:00,2026-08-09T07:17:00+00:00,,55.0,-13.0,AC6453,Air Canada
2026-08-10T18:18:11.347196,DEL-LHR,2026-08-09,landed,2026-08-09T00:55:00+00:00,2026-08-09T01:50:00+00:00,,2026-08-09T07:30:00+00:00,2026-08-09T07:17:00+00:00,,55.0,-13.0,TP7023,TAP Air Portugal
2026-08-10T18:18:11.347216,DEL-LHR,2026-08-09,landed,2026-08-09T00:55:00+00:00,2026-08-09T01:50:00+00:00,,2026-08-09T07:30:00+00:00,2026-08-09T07:17:00+00:00,,55.0,-13.0,SQ4921,Singapore Airlines
2026-08-10T18:18:11.677817,BLR-FRA,2026-08-10,landed,2026-08-10T03:00:00+00:00,2026-08-10T03:26:00+00:00,3,2026-08-10T09:05:00+00:00,2026-08-10T09:08:00+00:00,3,26.0,3.0,AI8755,Air India
2026-08-10T18:18:11.677887,BLR-FRA,2026-08-10,landed,2026-08-10T03:00:00+00:00,2026-08-10T03:26:00+00:00,3,2026-08-10T09:05:00+00:00,2026-08-10T09:08:00+00:00,3,26.0,3.0,AC9057,Air Canada
2026-08-10T18:18:11.677909,BLR-FRA,2026-08-10,landed,2026-08-10T03:00:00+00:00,2026-08-10T03:26:00+00:00,3,2026-08-10T09:05:00+00:00,2026-08-10T09:08:00+00:00,3,26.0,3.0,LH755,Lufthansa
2026-08-10T18:18:11.677928,BLR-FRA,2026-08-09,landed,2026-08-09T03:00:00+00:00,2026-08-09T03:48:00+00:00,21,2026-08-09T09:05:00+00:00,2026-08-09T09:26:00+00:00,21,48.0,21.0,AI8755,Air India
2026-08-10T18:18:11.677948,BLR-FRA,2026-08-09,landed,2026-08-09T03:00:00+00:00,2026-08-09T03:48:00+00:00,21,2026-08-09T09:05:00+00:00,2026-08-09T09:26:00+00:00,21,48.0,21.0,AC9057,Air Canada
2026-08-10T18:18:11.677966,BLR-FRA,2026-08-09,landed,2026-08-09T03:00:00+00:00,2026-08-09T03:48:00+00:00,21,2026-08-09T09:05:00+00:00,2026-08-09T09:26:00+00:00,21,48.0,21.0,LH755,Lufthansa
2026-08-10T18:18:12.171999,BOM-AMS,2026-08-10,landed,2026-08-10T04:55:00+00:00,2026-08-10T06:07:00+00:00,28,2026-08-10T11:15:00+00:00,2026-08-10T11:43:00+00:00,28,72.0,28.0,6E21,IndiGo
2026-08-10T18:18:12.172068,BOM-AMS,2026-08-10,landed,2026-08-10T02:00:00+00:00,2026-08-10T02:16:00+00:00,,2026-08-10T07:50:00+00:00,2026-08-10T07:37:00+00:00,,16.0,-13.0,KL878,KLM
2026-08-10T18:18:12.172092,BOM-AMS,2026-08-10,landed,2026-08-10T02:00:00+00:00,2026-08-10T02:16:00+00:00,,2026-08-10T07:50:00+00:00,2026-08-10T07:37:00+00:00,,16.0,-13.0,DL9495,Delta Air Lines
2026-08-10T18:18:12.172115,BOM-AMS,2026-08-10,landed,2026-08-10T02:00:00+00:00,2026-08-10T02:16:00+00:00,,2026-08-10T07:50:00+00:00,2026-08-10T07:37:00+00:00,,16.0,-13.0,AF3132,Air France
2026-08-10T18:18:12.172135,BOM-AMS,2026-08-09,landed,2026-08-09T04:55:00+00:00,2026-08-09T05:09:00+00:00,,2026-08-09T11:15:00+00:00,2026-08-09T10:52:00+00:00,,14.0,-23.0,6E21,IndiGo
2026-08-10T18:18:12.172155,BOM-AMS,2026-08-09,landed,2026-08-09T02:00:00+00:00,2026-08-09T02:16:00+00:00,,2026-08-09T07:50:00+00:00,2026-08-09T07:41:00+00:00,,16.0,-9.0,DL9495,Delta Air Lines
2026-08-10T18:18:12.172174,BOM-AMS,2026-08-09,landed,2026-08-09T02:00:00+00:00,2026-08-09T02:16:00+00:00,,2026-08-09T07:50:00+00:00,2026-08-09T07:41:00+00:00,,16.0,-9.0,AF3132,Air France
2026-08-10T18:18:12.172202,BOM-AMS,2026-08-09,landed,2026-08-09T02:00:00+00:00,2026-08-09T02:16:00+00:00,,2026-08-09T07:50:00+00:00,2026-08-09T07:41:00+00:00,,16.0,-9.0,KL878,KLM
2026-08-12T10:35:33.386138,DEL-LHR,2026-08-12,active,2026-08-12T11:10:00+00:00,,,2026-08-12T16:15:00+00:00,,10,,,VN3195,Vietnam Airlines
2026-08-12T10:35:33.386269,DEL-LHR,2026-08-12,active,2026-08-12T11:10:00+00:00,,,2026-08-12T16:15:00+00:00,,10,,,DL5946,Delta Air Lines
2026-08-12T10:35:33.386292,DEL-LHR,2026-08-12,active,2026-08-12T10:05:00+00:00,,,2026-08-12T15:20:00+00:00,,,,,AA6664,American Airlines
2026-08-12T10:35:33.386307,DEL-LHR,2026-08-12,active,2026-08-12T10:05:00+00:00,,,2026-08-12T15:20:00+00:00,,,,,IB3609,Iberia
2026-08-12T10:35:33.386319,DEL-LHR,2026-08-12,scheduled,2026-08-12T12:25:00+00:00,,,2026-08-12T19:00:00+00:00,,,,,AI2017,Air India
2026-08-12T10:35:33.386330,DEL-LHR,2026-08-12,active,2026-08-12T11:10:00+00:00,,,2026-08-12T16:15:00+00:00,,10,,,VS301,Virgin Atlantic
2026-08-12T10:35:33.386342,DEL-LHR,2026-08-12,active,2026-08-12T10:30:00+00:00,,,2026-08-12T17:45:00+00:00,,33,,,6E3,IndiGo
2026-08-12T10:35:33.386353,DEL-LHR,2026-08-12,active,2026-08-12T10:05:00+00:00,,,2026-08-12T15:20:00+00:00,,,,,BA256,British Airways
2026-08-12T10:35:33.386364,DEL-LHR,2026-08-12,active,2026-08-12T04:55:00+00:00,2026-08-12T05:32:00+00:00,54,2026-08-12T11:30:00+00:00,,,37.0,,AI111,Air India
2026-08-12T10:35:33.386685,DEL-LHR,2026-08-12,active,2026-08-12T04:55:00+00:00,2026-08-12T05:32:00+00:00,54,2026-08-12T11:30:00+00:00,,37,37.0,,AC6451,Air Canada
2026-08-12T10:35:33.386725,DEL-LHR,2026-08-12,active,2026-08-12T04:55:00+00:00,2026-08-12T05:32:00+00:00,54,2026-08-12T11:30:00+00:00,,37,37.0,,TP7029,TAP Air Portugal
2026-08-12T10:35:33.386745,DEL-LHR,2026-08-12,active,2026-08-12T02:05:00+00:00,,,2026-08-12T07:20:00+00:00,,34,,,VN3193,Vietnam Airlines
2026-08-12T10:35:33.386759,DEL-LHR,2026-08-12,active,2026-08-12T02:05:00+00:00,,,2026-08-12T07:20:00+00:00,,34,,,DL5949,Delta Air Lines
2026-08-12T10:35:33.386772,DEL-LHR,2026-08-12,active,2026-08-12T01:35:00+00:00,,,2026-08-12T06:50:00+00:00,,53,,,AA6662,American Airlines
2026-08-12T10:35:33.386784,DEL-LHR,2026-08-12,active,2026-08-12T00:55:00+00:00,,,2026-08-12T07:30:00+00:00,,33,,,AC6453,Air Canada
2026-08-12T10:35:33.386795,DEL-LHR,2026-08-12,active,2026-08-12T00:55:00+00:00,,,2026-08-12T07:30:00+00:00,,33,,,TP7023,TAP Air Portugal
2026-08-12T10:35:33.386808,DEL-LHR,2026-08-12,active,2026-08-12T00:55:00+00:00,,,2026-08-12T07:30:00+00:00,,33,,,SQ4921,Singapore Airlines
2026-08-12T10:35:33.386819,DEL-LHR,2026-08-12,active,2026-08-12T02:05:00+00:00,2026-08-12T02:59:00+00:00,,2026-08-12T07:20:00+00:00,,,54.0,,VS303,Virgin Atlantic
2026-08-12T10:35:33.386837,DEL-LHR,2026-08-12,active,2026-08-12T01:35:00+00:00,2026-08-12T02:47:00+00:00,2,2026-08-12T06:50:00+00:00,,,72.0,,BA142,British Airways
2026-08-12T10:35:33.386855,DEL-LHR,2026-08-12,active,2026-08-12T00:55:00+00:00,2026-08-12T01:50:00+00:00,,2026-08-12T07:30:00+00:00,,,55.0,,AI161,Air India
2026-08-12T10:35:33.386870,DEL-LHR,2026-08-11,landed,2026-08-11T11:10:00+00:00,2026-08-11T11:22:00+00:00,,2026-08-11T16:15:00+00:00,2026-08-11T15:42:00+00:00,,12.0,-33.0,VN3195,Vietnam Airlines
2026-08-12T10:35:33.386893,DEL-LHR,2026-08-11,landed,2026-08-11T11:10:00+00:00,2026-08-11T11:22:00+00:00,,2026-08-11T16:15:00+00:00,2026-08-11T15:42:00+00:00,,12.0,-33.0,DL5946,Delta Air Lines
2026-08-12T10:35:33.386913,DEL-LHR,2026-08-11,landed,2026-08-11T13:30:00+00:00,2026-08-11T13:51:00+00:00,43,2026-08-11T20:00:00+00:00,2026-08-11T19:14:00+00:00,,21.0,-46.0,AI2015,Air India
2026-08-12T10:35:33.386933,DEL-LHR,2026-08-11,landed,2026-08-11T10:05:00+00:00,2026-08-11T10:15:00+00:00,,2026-08-11T15:20:00+00:00,2026-08-11T14:39:00+00:00,,10.0,-41.0,AA6664,American Airlines
2026-08-12T10:35:33.386953,DEL-LHR,2026-08-11,landed,2026-08-11T10:05:00+00:00,2026-08-11T10:15:00+00:00,,2026-08-11T15:20:00+00:00,2026-08-11T14:39:00+00:00,,10.0,-41.0,IB3609,Iberia
2026-08-12T10:35:33.386975,DEL-LHR,2026-08-11,landed,2026-08-11T12:25:00+00:00,2026-08-11T13:06:00+00:00,57,2026-08-11T19:00:00+00:00,2026-08-11T18:26:00+00:00,,41.0,-34.0,AI2017,Air India
2026-08-12T10:35:33.386998,DEL-LHR,2026-08-11,landed,2026-08-11T11:10:00+00:00,2026-08-11T11:22:00+00:00,,2026-08-11T16:15:00+00:00,2026-08-11T15:42:00+00:00,,12.0,-33.0,VS301,Virgin Atlantic
2026-08-12T10:35:33.387033,DEL-LHR,2026-08-11,landed,2026-08-11T10:30:00+00:00,2026-08-11T10:50:00+00:00,128,2026-08-11T17:45:00+00:00,2026-08-11T17:01:00+00:00,,20.0,-44.0,6E3,IndiGo
2026-08-12T10:35:33.387054,DEL-LHR,2026-08-11,landed,2026-08-11T10:05:00+00:00,2026-08-11T10:15:00+00:00,,2026-08-11T15:20:00+00:00,2026-08-11T14:39:00+00:00,,10.0,-41.0,BA256,British Airways
2026-08-12T10:35:33.387073,DEL-LHR,2026-08-11,landed,2026-08-11T04:55:00+00:00,2026-08-11T05:25:00+00:00,28,2026-08-11T11:30:00+00:00,2026-08-11T10:53:00+00:00,,30.0,-37.0,AC6451,Air Canada
2026-08-12T10:35:33.387092,DEL-LHR,2026-08-11,landed,2026-08-11T04:55:00+00:00,2026-08-11T05:25:00+00:00,28,2026-08-11T11:30:00+00:00,2026-08-11T10:53:00+00:00,,30.0,-37.0,TP7029,TAP Air Portugal
2026-08-12T10:35:33.387112,DEL-LHR,2026-08-11,cancelled,2026-08-11T01:35:00+00:00,,,2026-08-11T06:50:00+00:00,,,,,AA6662,American Airlines
2026-08-12T10:35:33.387126,DEL-LHR,2026-08-11,landed,2026-08-11T04:55:00+00:00,2026-08-11T05:25:00+00:00,28,2026-08-11T11:30:00+00:00,2026-08-11T10:53:00+00:00,,30.0,-37.0,AI111,Air India
2026-08-12T10:35:33.387149,DEL-LHR,2026-08-11,landed,2026-08-11T00:55:00+00:00,2026-08-11T01:39:00+00:00,71,2026-08-11T07:30:00+00:00,2026-08-11T07:08:00+00:00,,44.0,-22.0,AC6453,Air Canada
2026-08-12T10:35:33.387170,DEL-LHR,2026-08-11,landed,2026-08-11T00:55:00+00:00,2026-08-11T01:39:00+00:00,71,2026-08-11T07:30:00+00:00,2026-08-11T07:08:00+00:00,,44.0,-22.0,TP7023,TAP Air Portugal
2026-08-12T10:35:33.387191,DEL-LHR,2026-08-11,landed,2026-08-11T00:55:00+00:00,2026-08-11T01:39:00+00:00,71,2026-08-11T07:30:00+00:00,2026-08-11T07:08:00+00:00,,44.0,-22.0,SQ4921,Singapore Airlines
2026-08-12T10:35:33.387219,DEL-LHR,2026-08-11,landed,2026-08-11T02:05:00+00:00,2026-08-11T02:29:00+00:00,,2026-08-11T07:20:00+00:00,2026-08-11T06:46:00+00:00,,24.0,-34.0,VS303,Virgin Atlantic
2026-08-12T10:35:33.387237,DEL-LHR,2026-08-11,landed,2026-08-11T02:05:00+00:00,2026-08-11T02:29:00+00:00,,2026-08-11T07:20:00+00:00,2026-08-11T06:46:00+00:00,,24.0,-34.0,VN3193,Vietnam Airlines
2026-08-12T10:35:33.387258,DEL-LHR,2026-08-11,landed,2026-08-11T02:05:00+00:00,2026-08-11T02:29:00+00:00,,2026-08-11T07:20:00+00:00,2026-08-11T06:46:00+00:00,,24.0,-34.0,DL5949,Delta Air Lines
2026-08-12T10:35:33.387277,DEL-LHR,2026-08-11,cancelled,2026-08-11T01:35:00+00:00,,,2026-08-11T06:50:00+00:00,,,,,BA142,British Airways
2026-08-12T10:35:33.387291,DEL-LHR,2026-08-11,landed,2026-08-11T00:55:00+00:00,2026-08-11T01:39:00+00:00,71,2026-08-11T07:30:00+00:00,2026-08-11T07:08:00+00:00,,44.0,-22.0,AI161,Air India
2026-08-12T10:35:34.040376,BLR-FRA,2026-08-12,active,2026-08-12T03:00:00+00:00,2026-08-12T03:24:00+00:00,,2026-08-12T09:05:00+00:00,,24,24.0,,AI8755,Air India
2026-08-12T10:35:34.040447,BLR-FRA,2026-08-12,active,2026-08-12T03:00:00+00:00,2026-08-12T03:24:00+00:00,,2026-08-12T09:05:00+00:00,,24,24.0,,AC9057,Air Canada
2026-08-12T10:35:34.040466,BLR-FRA,2026-08-12,active,2026-08-12T03:00:00+00:00,2026-08-12T03:24:00+00:00,,2026-08-12T09:05:00+00:00,,,24.0,,LH755,Lufthansa
2026-08-12T10:35:34.040480,BLR-FRA,2026-08-11,landed,2026-08-11T03:00:00+00:00,2026-08-11T03:31:00+00:00,9,2026-08-11T09:05:00+00:00,2026-08-11T09:14:00+00:00,9,31.0,9.0,AI8755,Air India
2026-08-12T10:35:34.040498,BLR-FRA,2026-08-11,landed,2026-08-11T03:00:00+00:00,2026-08-11T03:31:00+00:00,9,2026-08-11T09:05:00+00:00,2026-08-11T09:14:00+00:00,9,31.0,9.0,AC9057,Air Canada
2026-08-12T10:35:34.040513,BLR-FRA,2026-08-11,landed,2026-08-11T03:00:00+00:00,2026-08-11T03:31:00+00:00,9,2026-08-11T09:05:00+00:00,2026-08-11T09:14:00+00:00,9,31.0,9.0,LH755,Lufthansa
2026-08-12T10:35:34.714271,BOM-AMS,2026-08-12,active,2026-08-12T08:20:00+00:00,2026-08-12T08:47:00+00:00,1,2026-08-12T14:10:00+00:00,,28,27.0,,CI5685,China Airlines
2026-08-12T10:35:34.714320,BOM-AMS,2026-08-12,active,2026-08-12T04:55:00+00:00,2026-08-12T05:17:00+00:00,,2026-08-12T11:15:00+00:00,,23,22.0,,6E21,IndiGo
2026-08-12T10:35:34.714333,BOM-AMS,2026-08-12,active,2026-08-12T02:00:00+00:00,2026-08-12T02:34:00+00:00,2,2026-08-12T07:50:00+00:00,,,34.0,,KL878,KLM
2026-08-12T10:35:34.714343,BOM-AMS,2026-08-12,active,2026-08-12T02:00:00+00:00,2026-08-12T02:34:00+00:00,4,2026-08-12T07:50:00+00:00,,34,34.0,,DL9495,Delta Air Lines
2026-08-12T10:35:34.714352,BOM-AMS,2026-08-12,active,2026-08-12T02:00:00+00:00,2026-08-12T02:34:00+00:00,4,2026-08-12T07:50:00+00:00,,34,34.0,,AF3132,Air France
2026-08-12T10:35:34.714363,BOM-AMS,2026-08-11,landed,2026-08-11T04:55:00+00:00,2026-08-11T05:30:00+00:00,,2026-08-11T11:15:00+00:00,2026-08-11T11:07:00+00:00,,35.0,-8.0,6E21,IndiGo
2026-08-12T10:35:34.714376,BOM-AMS,2026-08-11,landed,2026-08-11T02:00:00+00:00,2026-08-11T02:20:00+00:00,,2026-08-11T07:50:00+00:00,2026-08-11T07:44:00+00:00,,20.0,-6.0,DL9495,Delta Air Lines
2026-08-12T10:35:34.714388,BOM-AMS,2026-08-11,landed,2026-08-11T02:00:00+00:00,2026-08-11T02:20:00+00:00,,2026-08-11T07:50:00+00:00,2026-08-11T07:44:00+00:00,,20.0,-6.0,AF3132,Air France
2026-08-12T10:35:34.714399,BOM-AMS,2026-08-11,landed,2026-08-11T02:00:00+00:00,2026-08-11T02:20:00+00:00,,2026-08-11T07:50:00+00:00,2026-08-11T07:44:00+00:00,,20.0,-6.0,KL878,KLM
2026-08-13T15:43:43.611085,DEL-LHR,2026-08-13,active,2026-08-13T11:10:00+00:00,2026-08-13T11:41:00+00:00,,2026-08-13T16:15:00+00:00,,31,31.0,,VN3195,Vietnam Airlines
2026-08-13T15:43:43.611186,DEL-LHR,2026-08-13,active,2026-08-13T11:10:00+00:00,2026-08-13T11:41:00+00:00,,2026-08-13T16:15:00+00:00,,31,31.0,,DL5946,Delta Air Lines
2026-08-13T15:43:43.611210,DEL-LHR,2026-08-13,active,2026-08-13T10:05:00+00:00,2026-08-13T10:38:00+00:00,,2026-08-13T15:20:00+00:00,,33,33.0,,AA6664,American Airlines
2026-08-13T15:43:43.611222,DEL-LHR,2026-08-13,active,2026-08-13T10:05:00+00:00,2026-08-13T10:38:00+00:00,,2026-08-13T15:20:00+00:00,,33,33.0,,IB3609,Iberia
2026-08-13T15:43:43.611232,DEL-LHR,2026-08-13,active,2026-08-13T13:30:00+00:00,,,2026-08-13T20:00:00+00:00,,22,,,AI2015,Air India
2026-08-13T15:43:43.611239,DEL-LHR,2026-08-13,active,2026-08-13T12:25:00+00:00,2026-08-13T12:58:00+00:00,43,2026-08-13T19:00:00+00:00,,34,33.0,,AI2017,Air India
2026-08-13T15:43:43.611249,DEL-LHR,2026-08-13,scheduled,2026-08-13T11:10:00+00:00,2026-08-13T11:41:00+00:00,,2026-08-13T16:15:00+00:00,,,31.0,,VS301,Virgin Atlantic
2026-08-13T15:43:43.611259,DEL-LHR,2026-08-13,scheduled,2026-08-13T10:30:00+00:00,2026-08-13T11:16:00+00:00,,2026-08-13T17:45:00+00:00,,,46.0,,6E3,IndiGo
2026-08-13T15:43:43.611268,DEL-LHR,2026-08-13,scheduled,2026-08-13T10:05:00+00:00,2026-08-13T10:38:00+00:00,,2026-08-13T15:20:00+00:00,,,33.0,,BA256,British Airways
2026-08-13T15:43:43.611276,DEL-LHR,2026-08-13,active,2026-08-13T05:30:00+00:00,,,2026-08-13T12:05:00+00:00,,26,,,AC6451,Air Canada
2026-08-13T15:43:43.611283,DEL-LHR,2026-08-13,active,2026-08-13T05:30:00+00:00,,,2026-08-13T12:05:00+00:00,,26,,,TP7029,TAP Air Portugal
2026-08-13T15:43:43.611290,DEL-LHR,2026-08-13,landed,2026-08-13T02:05:00+00:00,2026-08-13T02:30:00+00:00,,2026-08-13T07:20:00+00:00,2026-08-13T06:47:00+00:00,,25.0,-33.0,VN3193,Vietnam Airlines
2026-08-13T15:43:43.611303,DEL-LHR,2026-08-13,landed,2026-08-13T02:05:00+00:00,2026-08-13T02:30:00+00:00,,2026-08-13T07:20:00+00:00,2026-08-13T06:47:00+00:00,,25.0,-33.0,DL5949,Delta Air Lines
2026-08-13T15:43:43.611315,DEL-LHR,2026-08-13,landed,2026-08-13T01:35:00+00:00,2026-08-13T03:08:00+00:00,16,2026-08-13T06:50:00+00:00,2026-08-13T07:06:00+00:00,16,93.0,16.0,AA6662,American Airlines
2026-08-13T15:43:43.611327,DEL-LHR,2026-08-13,active,2026-08-13T05:30:00+00:00,2026-08-13T06:26:00+00:00,,2026-08-13T12:05:00+00:00,,,56.0,,AI111,Air India
2026-08-13T15:43:43.611336,DEL-LHR,2026-08-13,landed,2026-08-13T00:55:00+00:00,2026-08-13T01:50:00+00:00,,2026-08-13T07:30:00+00:00,2026-08-13T07:21:00+00:00,,55.0,-9.0,AC6453,Air Canada
2026-08-13T15:43:43.611347,DEL-LHR,2026-08-13,landed,2026-08-13T00:55:00+00:00,2026-08-13T01:50:00+00:00,,2026-08-13T07:30:00+00:00,2026-08-13T07:21:00+00:00,,55.0,-9.0,TP7023,TAP Air Portugal
2026-08-13T15:43:43.611358,DEL-LHR,2026-08-13,landed,2026-08-13T00:55:00+00:00,2026-08-13T01:50:00+00:00,,2026-08-13T07:30:00+00:00,2026-08-13T07:21:00+00:00,,55.0,-9.0,SQ4921,Singapore Airlines
2026-08-13T15:43:43.611369,DEL-LHR,2026-08-13,landed,2026-08-13T02:05:00+00:00,2026-08-13T02:30:00+00:00,,2026-08-13T07:20:00+00:00,2026-08-13T06:47:00+00:00,,25.0,-33.0,VS303,Virgin Atlantic
2026-08-13T15:43:43.611379,DEL-LHR,2026-08-13,landed,2026-08-13T01:35:00+00:00,2026-08-13T03:08:00+00:00,16,2026-08-13T06:50:00+00:00,2026-08-13T07:06:00+00:00,16,93.0,16.0,BA142,British Airways
2026-08-13T15:43:43.611391,DEL-LHR,2026-08-13,landed,2026-08-13T00:55:00+00:00,2026-08-13T01:50:00+00:00,,2026-08-13T07:30:00+00:00,2026-08-13T07:21:00+00:00,,55.0,-9.0,AI161,Air India
2026-08-13T15:43:43.611401,DEL-LHR,2026-08-12,landed,2026-08-12T11:10:00+00:00,2026-08-12T11:29:00+00:00,,2026-08-12T16:15:00+00:00,2026-08-12T15:36:00+00:00,,19.0,-39.0,VN3195,Vietnam Airlines
2026-08-13T15:43:43.611415,DEL-LHR,2026-08-12,landed,2026-08-12T11:10:00+00:00,2026-08-12T11:29:00+00:00,,2026-08-12T16:15:00+00:00,2026-08-12T15:36:00+00:00,,19.0,-39.0,DL5946,Delta Air Lines
2026-08-13T15:43:43.611426,DEL-LHR,2026-08-12,landed,2026-08-12T10:05:00+00:00,2026-08-12T10:20:00+00:00,,2026-08-12T15:20:00+00:00,2026-08-12T14:53:00+00:00,,15.0,-27.0,AA6664,American Airlines
2026-08-13T15:43:43.611437,DEL-LHR,2026-08-12,landed,2026-08-12T10:05:00+00:00,2026-08-12T10:20:00+00:00,,2026-08-12T15:20:00+00:00,2026-08-12T14:53:00+00:00,,15.0,-27.0,IB3609,Iberia
2026-08-13T15:43:43.611448,DEL-LHR,2026-08-12,landed,2026-08-12T12:25:00+00:00,2026-08-12T14:03:00+00:00,42,2026-08-12T19:00:00+00:00,2026-08-12T19:42:00+00:00,42,98.0,42.0,AI2017,Air India
2026-08-13T15:43:43.611460,DEL-LHR,2026-08-12,landed,2026-08-12T11:10:00+00:00,2026-08-12T11:29:00+00:00,,2026-08-12T16:15:00+00:00,2026-08-12T15:36:00+00:00,,19.0,-39.0,VS301,Virgin Atlantic
2026-08-13T15:43:43.611470,DEL-LHR,2026-08-12,landed,2026-08-12T10:30:00+00:00,2026-08-12T10:50:00+00:00,61,2026-08-12T17:45:00+00:00,2026-08-12T17:00:00+00:00,,20.0,-45.0,6E3,IndiGo
2026-08-13T15:43:43.611481,DEL-LHR,2026-08-12,landed,2026-08-12T10:05:00+00:00,2026-08-12T10:20:00+00:00,,2026-08-12T15:20:00+00:00,2026-08-12T14:53:00+00:00,,15.0,-27.0,BA256,British Airways
2026-08-13T15:43:43.611492,DEL-LHR,2026-08-12,landed,2026-08-12T04:55:00+00:00,2026-08-12T05:32:00+00:00,54,2026-08-12T11:30:00+00:00,2026-08-12T11:03:00+00:00,,37.0,-27.0,AI111,Air India
2026-08-13T15:43:43.611502,DEL-LHR,2026-08-12,landed,2026-08-12T04:55:00+00:00,2026-08-12T05:32:00+00:00,54,2026-08-12T11:30:00+00:00,2026-08-12T11:03:00+00:00,,37.0,-27.0,AC6451,Air Canada
2026-08-13T15:43:43.611513,DEL-LHR,2026-08-12,landed,2026-08-12T04:55:00+00:00,2026-08-12T05:32:00+00:00,54,2026-08-12T11:30:00+00:00,2026-08-12T11:03:00+00:00,,37.0,-27.0,TP7029,TAP Air Portugal
2026-08-13T15:43:43.611524,DEL-LHR,2026-08-12,landed,2026-08-12T02:05:00+00:00,2026-08-12T02:59:00+00:00,,2026-08-12T07:20:00+00:00,2026-08-12T07:05:00+00:00,,54.0,-15.0,VN3193,Vietnam Airlines
2026-08-13T15:43:43.611535,DEL-LHR,2026-08-12,landed,2026-08-12T02:05:00+00:00,2026-08-12T02:59:00+00:00,,2026-08-12T07:20:00+00:00,2026-08-12T07:05:00+00:00,,54.0,-15.0,DL5949,Delta Air Lines
2026-08-13T15:43:43.611545,DEL-LHR,2026-08-12,landed,2026-08-12T01:35:00+00:00,2026-08-12T02:47:00+00:00,,2026-08-12T06:50:00+00:00,2026-08-12T06:44:00+00:00,,72.0,-6.0,AA6662,American Airlines
2026-08-13T15:43:43.611557,DEL-LHR,2026-08-12,landed,2026-08-12T00:55:00+00:00,2026-08-12T01:50:00+00:00,,2026-08-12T07:30:00+00:00,2026-08-12T07:19:00+00:00,,55.0,-11.0,AC6453,Air Canada
2026-08-13T15:43:43.611567,DEL-LHR,2026-08-12,landed,2026-08-12T00:55:00+00:00,2026-08-12T01:50:00+00:00,,2026-08-12T07:30:00+00:00,2026-08-12T07:19:00+00:00,,55.0,-11.0,TP7023,TAP Air Portugal
2026-08-13T15:43:43.611578,DEL-LHR,2026-08-12,landed,2026-08-12T00:55:00+00:00,2026-08-12T01:50:00+00:00,,2026-08-12T07:30:00+00:00,2026-08-12T07:19:00+00:00,,55.0,-11.0,SQ4921,Singapore Airlines
2026-08-13T15:43:43.611588,DEL-LHR,2026-08-12,landed,2026-08-12T02:05:00+00:00,2026-08-12T02:59:00+00:00,,2026-08-12T07:20:00+00:00,2026-08-12T07:05:00+00:00,,54.0,-15.0,VS303,Virgin Atlantic
2026-08-13T15:43:43.611600,DEL-LHR,2026-08-12,landed,2026-08-12T01:35:00+00:00,2026-08-12T02:47:00+00:00,2,2026-08-12T06:50:00+00:00,2026-08-12T06:44:00+00:00,,72.0,-6.0,BA142,British Airways
2026-08-13T15:43:43.611610,DEL-LHR,2026-08-12,landed,2026-08-12T00:55:00+00:00,2026-08-12T01:50:00+00:00,,2026-08-12T07:30:00+00:00,2026-08-12T07:19:00+00:00,,55.0,-11.0,AI161,Air India
2026-08-13T15:43:44.459606,BLR-FRA,2026-08-13,landed,2026-08-13T03:00:00+00:00,2026-08-13T03:28:00+00:00,1,2026-08-13T09:05:00+00:00,2026-08-13T09:06:00+00:00,1,28.0,1.0,AI8755,Air India
2026-08-13T15:43:44.459661,BLR-FRA,2026-08-13,landed,2026-08-13T03:00:00+00:00,2026-08-13T03:28:00+00:00,1,2026-08-13T09:05:00+00:00,2026-08-13T09:06:00+00:00,1,28.0,1.0,AC9057,Air Canada
2026-08-13T15:43:44.459681,BLR-FRA,2026-08-13,landed,2026-08-13T03:00:00+00:00,2026-08-13T03:28:00+00:00,1,2026-08-13T09:05:00+00:00,2026-08-13T09:06:00+00:00,1,28.0,1.0,LH755,Lufthansa
2026-08-13T15:43:44.459696,BLR-FRA,2026-08-12,landed,2026-08-12T03:00:00+00:00,2026-08-12T03:24:00+00:00,,2026-08-12T09:05:00+00:00,2026-08-12T09:05:00+00:00,,24.0,0.0,AI8755,Air India
2026-08-13T15:43:44.459713,BLR-FRA,2026-08-12,landed,2026-08-12T03:00:00+00:00,2026-08-12T03:24:00+00:00,,2026-08-12T09:05:00+00:00,2026-08-12T09:05:00+00:00,,24.0,0.0,AC9057,Air Canada
2026-08-13T15:43:44.459727,BLR-FRA,2026-08-12,landed,2026-08-12T03:00:00+00:00,2026-08-12T03:24:00+00:00,,2026-08-12T09:05:00+00:00,2026-08-12T09:05:00+00:00,,24.0,0.0,LH755,Lufthansa
2026-08-13T15:43:44.903801,BOM-AMS,2026-08-13,landed,2026-08-13T04:50:00+00:00,2026-08-13T05:13:00+00:00,,2026-08-13T11:15:00+00:00,2026-08-13T10:47:00+00:00,,23.0,-28.0,6E21,IndiGo
2026-08-13T15:43:44.903859,BOM-AMS,2026-08-13,landed,2026-08-13T02:00:00+00:00,2026-08-13T02:28:00+00:00,,2026-08-13T07:50:00+00:00,2026-08-13T07:39:00+00:00,,28.0,-11.0,KL878,KLM
2026-08-13T15:43:44.903881,BOM-AMS,2026-08-13,landed,2026-08-13T02:00:00+00:00,2026-08-13T02:28:00+00:00,,2026-08-13T07:50:00+00:00,2026-08-13T07:39:00+00:00,,28.0,-11.0,DL9495,Delta Air Lines
2026-08-13T15:43:44.903901,BOM-AMS,2026-08-13,landed,2026-08-13T02:00:00+00:00,2026-08-13T02:28:00+00:00,,2026-08-13T07:50:00+00:00,2026-08-13T07:39:00+00:00,,28.0,-11.0,AF3132,Air France
2026-08-13T15:43:44.903920,BOM-AMS,2026-08-12,landed,2026-08-12T08:20:00+00:00,2026-08-12T08:47:00+00:00,14,2026-08-12T14:10:00+00:00,2026-08-12T14:24:00+00:00,14,27.0,14.0,CI5685,China Airlines
2026-08-13T15:43:44.903940,BOM-AMS,2026-08-12,landed,2026-08-12T04:55:00+00:00,2026-08-12T05:17:00+00:00,,2026-08-12T11:15:00+00:00,2026-08-12T11:06:00+00:00,,22.0,-9.0,6E21,IndiGo
2026-08-13T15:43:44.903959,BOM-AMS,2026-08-12,landed,2026-08-12T02:00:00+00:00,2026-08-12T02:34:00+00:00,5,2026-08-12T07:50:00+00:00,2026-08-12T07:55:00+00:00,5,34.0,5.0,KL878,KLM
2026-08-13T15:43:44.903978,BOM-AMS,2026-08-12,landed,2026-08-12T02:00:00+00:00,2026-08-12T02:34:00+00:00,5,2026-08-12T07:50:00+00:00,2026-08-12T07:55:00+00:00,5,34.0,5.0,DL9495,Delta Air Lines
2026-08-13T15:43:44.903999,BOM-AMS,2026-08-12,landed,2026-08-12T02:00:00+00:00,2026-08-12T02:34:00+00:00,5,2026-08-12T07:50:00+00:00,2026-08-12T07:55:00+00:00,5,34.0,5.0,AF3132,Air France
2026-08-14T09:15:45.250248,DEL-LHR,2026-08-14,scheduled,2026-08-14T10:30:00+00:00,,,2026-08-14T17:45:00+00:00,,25,,,6E3,Norse
2026-08-14T09:15:45.250387,DEL-LHR,2026-08-14,scheduled,2026-08-14T10:05:00+00:00,,,2026-08-14T15:20:00+00:00,,,,,AA6664,American Airlines
2026-08-14T09:15:45.250409,DEL-LHR,2026-08-14,scheduled,2026-08-14T10:05:00+00:00,,,2026-08-14T15:20:00+00:00,,,,,IB3609,Iberia
2026-08-14T09:15:45.250424,DEL-LHR,2026-08-14,scheduled,2026-08-14T12:25:00+00:00,,,2026-08-14T19:00:00+00:00,,,,,AI2017,Air India
2026-08-14T09:15:45.250435,DEL-LHR,2026-08-14,scheduled,2026-08-14T11:10:00+00:00,,,2026-08-14T16:15:00+00:00,,,,,VS301,Virgin Atlantic
2026-08-14T09:15:45.250446,DEL-LHR,2026-08-14,scheduled,2026-08-14T10:30:00+00:00,,,2026-08-14T17:45:00+00:00,,10,,,N03,Norse
2026-08-14T09:15:45.250457,DEL-LHR,2026-08-14,scheduled,2026-08-14T10:05:00+00:00,,,2026-08-14T15:20:00+00:00,,,,,BA256,British Airways
2026-08-14T09:15:45.250467,DEL-LHR,2026-08-14,active,2026-08-14T04:55:00+00:00,,,2026-08-14T11:30:00+00:00,,95,,,AC6451,Air Canada
2026-08-14T09:15:45.250495,DEL-LHR,2026-08-14,active,2026-08-14T04:55:00+00:00,,,2026-08-14T11:30:00+00:00,,95,,,TP7029,TAP Air Portugal
2026-08-14T09:15:45.250508,DEL-LHR,2026-08-14,active,2026-08-14T04:55:00+00:00,,,2026-08-14T11:30:00+00:00,,95,,,AI111,Air India
2026-08-14T09:15:45.250518,DEL-LHR,2026-08-14,active,2026-08-14T01:35:00+00:00,2026-08-14T02:46:00+00:00,6,2026-08-14T06:50:00+00:00,,,71.0,,BA142,British Airways
2026-08-14T09:15:45.250564,DEL-LHR,2026-08-14,active,2026-08-14T01:35:00+00:00,,,2026-08-14T06:50:00+00:00,,22,,,AA6662,American Airlines
2026-08-14T09:15:45.250576,DEL-LHR,2026-08-14,active,2026-08-14T00:55:00+00:00,2026-08-14T02:02:00+00:00,,2026-08-14T07:30:00+00:00,,,67.0,,AI161,Air India
2026-08-14T09:15:45.250594,DEL-LHR,2026-08-14,active,2026-08-14T00:55:00+00:00,,,2026-08-14T07:30:00+00:00,,50,,,AC6453,Air Canada
2026-08-14T09:15:45.250604,DEL-LHR,2026-08-14,active,2026-08-14T00:55:00+00:00,,,2026-08-14T07:30:00+00:00,,50,,,TP7023,TAP Air Portugal
2026-08-14T09:15:45.250615,DEL-LHR,2026-08-14,active,2026-08-14T00:55:00+00:00,,,2026-08-14T07:30:00+00:00,,50,,,SQ4921,Singapore Airlines
2026-08-14T09:15:45.250626,DEL-LHR,2026-08-13,landed,2026-08-13T11:10:00+00:00,2026-08-13T11:41:00+00:00,,2026-08-13T16:15:00+00:00,2026-08-13T15:49:00+00:00,,31.0,-26.0,VN3195,Vietnam Airlines
2026-08-14T09:15:45.250648,DEL-LHR,2026-08-13,landed,2026-08-13T11:10:00+00:00,2026-08-13T11:41:00+00:00,,2026-08-13T16:15:00+00:00,2026-08-13T15:49:00+00:00,,31.0,-26.0,DL5946,Delta Air Lines
2026-08-14T09:15:45.250668,DEL-LHR,2026-08-13,landed,2026-08-13T10:05:00+00:00,2026-08-13T10:38:00+00:00,,2026-08-13T15:20:00+00:00,2026-08-13T14:54:00+00:00,,33.0,-26.0,AA6664,American Airlines
2026-08-14T09:15:45.250685,DEL-LHR,2026-08-13,landed,2026-08-13T10:05:00+00:00,2026-08-13T10:38:00+00:00,,2026-08-13T15:20:00+00:00,2026-08-13T14:54:00+00:00,,33.0,-26.0,IB3609,Iberia
2026-08-14T09:15:45.250702,DEL-LHR,2026-08-13,landed,2026-08-13T13:30:00+00:00,2026-08-13T14:26:00+00:00,,2026-08-13T20:00:00+00:00,2026-08-13T19:31:00+00:00,,56.0,-29.0,AI2015,Air India
2026-08-14T09:15:45.250720,DEL-LHR,2026-08-13,landed,2026-08-13T12:25:00+00:00,2026-08-13T12:58:00+00:00,43,2026-08-13T19:00:00+00:00,2026-08-13T18:10:00+00:00,,33.0,-50.0,AI2017,Air India
2026-08-14T09:15:45.250738,DEL-LHR,2026-08-13,landed,2026-08-13T11:10:00+00:00,2026-08-13T11:41:00+00:00,,2026-08-13T16:15:00+00:00,2026-08-13T15:49:00+00:00,,31.0,-26.0,VS301,Virgin Atlantic
2026-08-14T09:15:45.250754,DEL-LHR,2026-08-13,landed,2026-08-13T10:30:00+00:00,2026-08-13T11:16:00+00:00,,2026-08-13T17:45:00+00:00,2026-08-13T16:57:00+00:00,,46.0,-48.0,6E3,IndiGo
2026-08-14T09:15:45.250772,DEL-LHR,2026-08-13,landed,2026-08-13T10:05:00+00:00,2026-08-13T10:38:00+00:00,,2026-08-13T15:20:00+00:00,2026-08-13T14:54:00+00:00,,33.0,-26.0,BA256,British Airways
2026-08-14T09:15:45.250789,DEL-LHR,2026-08-13,landed,2026-08-13T05:30:00+00:00,2026-08-13T06:26:00+00:00,,2026-08-13T12:05:00+00:00,2026-08-13T11:38:00+00:00,,56.0,-27.0,AC6451,Air Canada
2026-08-14T09:15:45.250806,DEL-LHR,2026-08-13,landed,2026-08-13T05:30:00+00:00,2026-08-13T06:26:00+00:00,,2026-08-13T12:05:00+00:00,2026-08-13T11:38:00+00:00,,56.0,-27.0,TP7029,TAP Air Portugal
2026-08-14T09:15:45.250823,DEL-LHR,2026-08-13,landed,2026-08-13T02:05:00+00:00,2026-08-13T02:30:00+00:00,,2026-08-13T07:20:00+00:00,2026-08-13T06:47:00+00:00,,25.0,-33.0,VN3193,Vietnam Airlines
2026-08-14T09:15:45.250885,DEL-LHR,2026-08-13,landed,2026-08-13T02:05:00+00:00,2026-08-13T02:30:00+00:00,,2026-08-13T07:20:00+00:00,2026-08-13T06:47:00+00:00,,25.0,-33.0,DL5949,Delta Air Lines
2026-08-14T09:15:45.250910,DEL-LHR,2026-08-13,landed,2026-08-13T01:35:00+00:00,2026-08-13T03:08:00+00:00,16,2026-08-13T06:50:00+00:00,2026-08-13T07:06:00+00:00,16,93.0,16.0,AA6662,American Airlines
2026-08-14T09:15:45.250929,DEL-LHR,2026-08-13,landed,2026-08-13T05:30:00+00:00,2026-08-13T06:26:00+00:00,,2026-08-13T12:05:00+00:00,2026-08-13T11:38:00+00:00,,56.0,-27.0,AI111,Air India
2026-08-14T09:15:45.250947,DEL-LHR,2026-08-13,landed,2026-08-13T00:55:00+00:00,2026-08-13T01:50:00+00:00,,2026-08-13T07:30:00+00:00,2026-08-13T07:21:00+00:00,,55.0,-9.0,AC6453,Air Canada
2026-08-14T09:15:45.250964,DEL-LHR,2026-08-13,landed,2026-08-13T00:55:00+00:00,2026-08-13T01:50:00+00:00,,2026-08-13T07:30:00+00:00,2026-08-13T07:21:00+00:00,,55.0,-9.0,TP7023,TAP Air Portugal
2026-08-14T09:15:45.250980,DEL-LHR,2026-08-13,landed,2026-08-13T00:55:00+00:00,2026-08-13T01:50:00+00:00,,2026-08-13T07:30:00+00:00,2026-08-13T07:21:00+00:00,,55.0,-9.0,SQ4921,Singapore Airlines
2026-08-14T09:15:45.250996,DEL-LHR,2026-08-13,landed,2026-08-13T02:05:00+00:00,2026-08-13T02:30:00+00:00,,2026-08-13T07:20:00+00:00,2026-08-13T06:47:00+00:00,,25.0,-33.0,VS303,Virgin Atlantic
2026-08-14T09:15:45.251012,DEL-LHR,2026-08-13,landed,2026-08-13T01:35:00+00:00,2026-08-13T03:08:00+00:00,16,2026-08-13T06:50:00+00:00,2026-08-13T07:06:00+00:00,16,93.0,16.0,BA142,British Airways
2026-08-14T09:15:45.251028,DEL-LHR,2026-08-13,landed,2026-08-13T00:55:00+00:00,2026-08-13T01:50:00+00:00,,2026-08-13T07:30:00+00:00,2026-08-13T07:21:00+00:00,,55.0,-9.0,AI161,Air India
2026-08-14T09:16:06.854684,BLR-FRA,2026-08-14,active,2026-08-14T03:00:00+00:00,2026-08-14T03:29:00+00:00,,2026-08-14T09:05:00+00:00,,29,29.0,,AI8755,Air India
2026-08-14T09:16:06.854747,BLR-FRA,2026-08-14,active,2026-08-14T03:00:00+00:00,2026-08-14T03:29:00+00:00,,2026-08-14T09:05:00+00:00,,29,29.0,,AC9057,Air Canada
2026-08-14T09:16:06.854766,BLR-FRA,2026-08-14,active,2026-08-14T03:00:00+00:00,2026-08-14T03:29:00+00:00,,2026-08-14T09:05:00+00:00,,29,29.0,,LH755,Lufthansa
2026-08-14T09:16:06.854780,BLR-FRA,2026-08-13,landed,2026-08-13T03:00:00+00:00,2026-08-13T03:28:00+00:00,1,2026-08-13T09:05:00+00:00,2026-08-13T09:06:00+00:00,1,28.0,1.0,AI8755,Air India
2026-08-14T09:16:06.854796,BLR-FRA,2026-08-13,landed,2026-08-13T03:00:00+00:00,2026-08-13T03:28:00+00:00,1,2026-08-13T09:05:00+00:00,2026-08-13T09:06:00+00:00,1,28.0,1.0,AC9057,Air Canada
2026-08-14T09:16:06.854811,BLR-FRA,2026-08-13,landed,2026-08-13T03:00:00+00:00,2026-08-13T03:28:00+00:00,1,2026-08-13T09:05:00+00:00,2026-08-13T09:06:00+00:00,1,28.0,1.0,LH755,Lufthansa
2026-08-14T09:16:28.566795,BOM-AMS,2026-08-14,active,2026-08-14T04:55:00+00:00,2026-08-14T05:15:00+00:00,,2026-08-14T11:15:00+00:00,,20,20.0,,6E21,IndiGo
2026-08-14T09:16:28.566876,BOM-AMS,2026-08-14,active,2026-08-14T02:00:00+00:00,2026-08-14T04:50:00+00:00,130,2026-08-14T07:50:00+00:00,,179,170.0,,KL878,KLM
2026-08-14T09:16:28.566900,BOM-AMS,2026-08-14,active,2026-08-14T02:00:00+00:00,,,2026-08-14T07:50:00+00:00,,179,,,DL9495,Delta Air Lines
2026-08-14T09:16:28.566942,BOM-AMS,2026-08-14,active,2026-08-14T02:00:00+00:00,,,2026-08-14T07:50:00+00:00,,179,,,AF3132,Air France
2026-08-14T09:16:28.566958,BOM-AMS,2026-08-13,landed,2026-08-13T04:50:00+00:00,2026-08-13T05:13:00+00:00,,2026-08-13T11:15:00+00:00,2026-08-13T10:47:00+00:00,,23.0,-28.0,6E21,IndiGo
2026-08-14T09:16:28.566986,BOM-AMS,2026-08-13,landed,2026-08-13T02:00:00+00:00,2026-08-13T02:28:00+00:00,,2026-08-13T07:50:00+00:00,2026-08-13T07:39:00+00:00,,28.0,-11.0,KL878,KLM
2026-08-14T09:16:28.567011,BOM-AMS,2026-08-13,landed,2026-08-13T02:00:00+00:00,2026-08-13T02:28:00+00:00,,2026-08-13T07:50:00+00:00,2026-08-13T07:39:00+00:00,,28.0,-11.0,DL9495,Delta Air Lines
2026-08-14T09:16:28.567032,BOM-AMS,2026-08-13,landed,2026-08-13T02:00:00+00:00,2026-08-13T02:28:00+00:00,,2026-08-13T07:50:00+00:00,2026-08-13T07:39:00+00:00,,28.0,-11.0,AF3132,Air France
2026-08-15T10:03:24.459574,DEL-LHR,2026-08-15,active,2026-08-15T10:05:00+00:00,,,2026-08-15T15:20:00+00:00,,,,,AA6664,American Airlines
2026-08-15T10:03:24.459657,DEL-LHR,2026-08-15,active,2026-08-15T10:05:00+00:00,,,2026-08-15T15:20:00+00:00,,,,,IB3609,Iberia
2026-08-15T10:03:24.459677,DEL-LHR,2026-08-15,scheduled,2026-08-15T12:25:00+00:00,,,2026-08-15T19:00:00+00:00,,,,,AI2017,Air India
2026-08-15T10:03:24.459691,DEL-LHR,2026-08-15,scheduled,2026-08-15T12:25:00+00:00,,,2026-08-15T19:00:00+00:00,,,,,AI2015,Air India
2026-08-15T10:03:24.459703,DEL-LHR,2026-08-15,scheduled,2026-08-15T11:10:00+00:00,,,2026-08-15T16:15:00+00:00,,,,,VS301,Virgin Atlantic
2026-08-15T10:03:24.459714,DEL-LHR,2026-08-15,active,2026-08-15T10:30:00+00:00,,,2026-08-15T17:45:00+00:00,,10,,,6E3,IndiGo
2026-08-15T10:03:24.459742,DEL-LHR,2026-08-15,active,2026-08-15T10:05:00+00:00,,,2026-08-15T15:20:00+00:00,,,,,BA256,British Airways
2026-08-15T10:03:24.459754,DEL-LHR,2026-08-15,active,2026-08-15T04:55:00+00:00,,,2026-08-15T11:30:00+00:00,,33,,,AC6451,Air Canada
2026-08-15T10:03:24.459766,DEL-LHR,2026-08-15,active,2026-08-15T04:55:00+00:00,,,2026-08-15T11:30:00+00:00,,33,,,TP7029,TAP Air Portugal
2026-08-15T10:03:24.459779,DEL-LHR,2026-08-15,active,2026-08-15T04:55:00+00:00,2026-08-15T05:53:00+00:00,,2026-08-15T11:30:00+00:00,,,58.0,,AI111,Air India
2026-08-15T10:03:24.459821,DEL-LHR,2026-08-15,active,2026-08-15T02:05:00+00:00,2026-08-15T02:27:00+00:00,,2026-08-15T07:20:00+00:00,,,22.0,,VS303,Virgin Atlantic
2026-08-15T10:03:24.459841,DEL-LHR,2026-08-15,active,2026-08-15T02:05:00+00:00,2026-08-15T02:27:00+00:00,,2026-08-15T07:20:00+00:00,,23,22.0,,VN3193,Vietnam Airlines
2026-08-15T10:03:24.459858,DEL-LHR,2026-08-15,active,2026-08-15T02:05:00+00:00,2026-08-15T02:27:00+00:00,,2026-08-15T07:20:00+00:00,,23,22.0,,DL5949,Delta Air Lines
2026-08-15T10:03:24.459874,DEL-LHR,2026-08-15,cancelled,2026-08-15T01:35:00+00:00,,,2026-08-15T06:50:00+00:00,,,,,BA142,British Airways
2026-08-15T10:03:24.459887,DEL-LHR,2026-08-15,cancelled,2026-08-15T01:35:00+00:00,,,2026-08-15T06:50:00+00:00,,,,,AA6662,American Airlines
2026-08-15T10:03:24.459899,DEL-LHR,2026-08-15,active,2026-08-15T00:55:00+00:00,2026-08-15T02:07:00+00:00,,2026-08-15T07:30:00+00:00,,,72.0,,AI161,Air India
2026-08-15T10:03:24.459915,DEL-LHR,2026-08-15,active,2026-08-15T00:55:00+00:00,,,2026-08-15T07:30:00+00:00,,46,,,AC6453,Air Canada
2026-08-15T10:03:24.459927,DEL-LHR,2026-08-15,active,2026-08-15T00:55:00+00:00,,,2026-08-15T07:30:00+00:00,,46,,,TP7023,TAP Air Portugal
2026-08-15T10:03:24.459939,DEL-LHR,2026-08-15,active,2026-08-15T00:55:00+00:00,,,2026-08-15T07:30:00+00:00,,46,,,SQ4921,Singapore Airlines
2026-08-15T10:03:24.459951,DEL-LHR,2026-08-14,scheduled,2026-08-14T11:10:00+00:00,2026-08-14T13:06:00+00:00,52,2026-08-14T16:15:00+00:00,,51,116.0,,VN3195,Vietnam Airlines
2026-08-15T10:03:24.459969,DEL-LHR,2026-08-14,scheduled,2026-08-14T11:10:00+00:00,2026-08-14T13:06:00+00:00,52,2026-08-14T16:15:00+00:00,,51,116.0,,DL5946,Delta Air Lines
2026-08-15T10:03:24.459993,DEL-LHR,2026-08-14,landed,2026-08-14T10:30:00+00:00,2026-08-14T11:03:00+00:00,18,2026-08-14T17:45:00+00:00,2026-08-14T16:24:00+00:00,,33.0,-81.0,6E3,Norse
2026-08-15T10:03:24.460015,DEL-LHR,2026-08-14,landed,2026-08-14T10:05:00+00:00,2026-08-14T10:19:00+00:00,,2026-08-14T15:20:00+00:00,2026-08-14T14:41:00+00:00,,14.0,-39.0,AA6664,American Airlines
2026-08-15T10:03:24.460037,DEL-LHR,2026-08-14,landed,2026-08-14T10:05:00+00:00,2026-08-14T10:19:00+00:00,,2026-08-14T15:20:00+00:00,2026-08-14T14:41:00+00:00,,14.0,-39.0,IB3609,Iberia
2026-08-15T10:03:24.460057,DEL-LHR,2026-08-14,landed,2026-08-14T12:25:00+00:00,2026-08-14T12:55:00+00:00,2,2026-08-14T19:00:00+00:00,2026-08-14T18:03:00+00:00,,30.0,-57.0,AI2017,Air India
2026-08-15T10:03:24.460077,DEL-LHR,2026-08-14,scheduled,2026-08-14T11:10:00+00:00,2026-08-14T13:06:00+00:00,52,2026-08-14T16:15:00+00:00,,51,116.0,,VS301,Virgin Atlantic
2026-08-15T10:03:24.460095,DEL-LHR,2026-08-14,scheduled,2026-08-14T10:30:00+00:00,,,2026-08-14T17:45:00+00:00,,10,,,N03,Norse
2026-08-15T10:03:24.460106,DEL-LHR,2026-08-14,landed,2026-08-14T10:05:00+00:00,2026-08-14T10:19:00+00:00,,2026-08-14T15:20:00+00:00,2026-08-14T14:41:00+00:00,,14.0,-39.0,BA256,British Airways
2026-08-15T10:03:24.460126,DEL-LHR,2026-08-14,landed,2026-08-14T04:55:00+00:00,2026-08-14T06:55:00+00:00,35,2026-08-14T11:30:00+00:00,2026-08-14T12:05:00+00:00,35,120.0,35.0,AC6451,Air Canada
2026-08-15T10:03:24.460147,DEL-LHR,2026-08-14,landed,2026-08-14T04:55:00+00:00,2026-08-14T06:55:00+00:00,35,2026-08-14T11:30:00+00:00,2026-08-14T12:05:00+00:00,35,120.0,35.0,TP7029,TAP Air Portugal
2026-08-15T10:03:24.460167,DEL-LHR,2026-08-14,landed,2026-08-14T04:55:00+00:00,2026-08-14T06:55:00+00:00,35,2026-08-14T11:30:00+00:00,2026-08-14T12:05:00+00:00,35,120.0,35.0,AI111,Air India
2026-08-15T10:03:24.460186,DEL-LHR,2026-08-14,landed,2026-08-14T01:35:00+00:00,2026-08-14T02:46:00+00:00,6,2026-08-14T06:50:00+00:00,2026-08-14T06:48:00+00:00,,71.0,-2.0,BA142,British Airways
2026-08-15T10:03:24.460206,DEL-LHR,2026-08-14,landed,2026-08-14T01:35:00+00:00,2026-08-14T02:46:00+00:00,,2026-08-14T06:50:00+00:00,2026-08-14T06:48:00+00:00,,71.0,-2.0,AA6662,American Airlines
2026-08-15T10:03:24.460226,DEL-LHR,2026-08-14,landed,2026-08-14T00:55:00+00:00,2026-08-14T02:02:00+00:00,,2026-08-14T07:30:00+00:00,2026-08-14T07:14:00+00:00,,67.0,-16.0,AI161,Air India
2026-08-15T10:03:24.460246,DEL-LHR,2026-08-14,landed,2026-08-14T00:55:00+00:00,2026-08-14T02:02:00+00:00,,2026-08-14T07:30:00+00:00,2026-08-14T07:14:00+00:00,,67.0,-16.0,AC6453,Air Canada
2026-08-15T10:03:24.460266,DEL-LHR,2026-08-14,landed,2026-08-14T00:55:00+00:00,2026-08-14T02:02:00+00:00,,2026-08-14T07:30:00+00:00,2026-08-14T07:14:00+00:00,,67.0,-16.0,TP7023,TAP Air Portugal
2026-08-15T10:03:24.460285,DEL-LHR,2026-08-14,landed,2026-08-14T00:55:00+00:00,2026-08-14T02:02:00+00:00,,2026-08-14T07:30:00+00:00,2026-08-14T07:14:00+00:00,,67.0,-16.0,SQ4921,Singapore Airlines
2026-08-15T10:03:24.800789,BLR-FRA,2026-08-15,active,2026-08-15T03:00:00+00:00,,,2026-08-15T09:05:00+00:00,,45,,,AI8755,Air India
2026-08-15T10:03:24.800829,BLR-FRA,2026-08-15,active,2026-08-15T03:00:00+00:00,,,2026-08-15T09:05:00+00:00,,45,,,AC9057,Air Canada
2026-08-15T10:03:24.800843,BLR-FRA,2026-08-15,scheduled,2026-08-15T03:00:00+00:00,,,2026-08-15T09:05:00+00:00,,,,,LH755,Lufthansa
2026-08-15T10:03:24.800854,BLR-FRA,2026-08-14,landed,2026-08-14T03:00:00+00:00,2026-08-14T03:29:00+00:00,4,2026-08-14T09:05:00+00:00,2026-08-14T09:09:00+00:00,4,29.0,4.0,AI8755,Air India
2026-08-15T10:03:24.800893,BLR-FRA,2026-08-14,landed,2026-08-14T03:00:00+00:00,2026-08-14T03:29:00+00:00,4,2026-08-14T09:05:00+00:00,2026-08-14T09:09:00+00:00,4,29.0,4.0,AC9057,Air Canada
2026-08-15T10:03:24.800912,BLR-FRA,2026-08-14,landed,2026-08-14T03:00:00+00:00,2026-08-14T03:29:00+00:00,4,2026-08-14T09:05:00+00:00,2026-08-14T09:09:00+00:00,4,29.0,4.0,LH755,Lufthansa
2026-08-15T10:03:25.144816,BOM-AMS,2026-08-15,active,2026-08-15T08:20:00+00:00,2026-08-15T08:40:00+00:00,,2026-08-15T14:10:00+00:00,,21,20.0,,CI5685,China Airlines
2026-08-15T10:03:25.144876,BOM-AMS,2026-08-15,active,2026-08-15T04:50:00+00:00,2026-08-15T05:11:00+00:00,,2026-08-15T11:15:00+00:00,,22,21.0,,6E21,IndiGo
2026-08-15T10:03:25.144897,BOM-AMS,2026-08-15,active,2026-08-15T02:00:00+00:00,2026-08-15T02:29:00+00:00,4,2026-08-15T07:50:00+00:00,,,29.0,,KL878,KLM
2026-08-15T10:03:25.144914,BOM-AMS,2026-08-15,active,2026-08-15T02:00:00+00:00,2026-08-15T02:29:00+00:00,,2026-08-15T07:50:00+00:00,,30,29.0,,DL9495,Delta Air Lines
2026-08-15T10:03:25.144931,BOM-AMS,2026-08-15,active,2026-08-15T02:00:00+00:00,2026-08-15T02:29:00+00:00,,2026-08-15T07:50:00+00:00,,30,29.0,,AF3132,Air France
2026-08-15T10:03:25.144946,BOM-AMS,2026-08-14,landed,2026-08-14T04:55:00+00:00,2026-08-14T05:15:00+00:00,,2026-08-14T11:15:00+00:00,2026-08-14T10:44:00+00:00,,20.0,-31.0,6E21,IndiGo
2026-08-15T10:03:25.144967,BOM-AMS,2026-08-14,scheduled,2026-08-14T02:00:00+00:00,2026-08-14T04:50:00+00:00,130,2026-08-14T07:50:00+00:00,,130,170.0,,KL878,KLM
2026-08-15T10:03:25.144984,BOM-AMS,2026-08-14,scheduled,2026-08-14T02:00:00+00:00,2026-08-14T04:50:00+00:00,130,2026-08-14T07:50:00+00:00,,130,170.0,,DL9495,Delta Air Lines
2026-08-15T10:03:25.145001,BOM-AMS,2026-08-14,scheduled,2026-08-14T02:00:00+00:00,2026-08-14T04:50:00+00:00,130,2026-08-14T07:50:00+00:00,,130,170.0,,AF3132,Air France
2026-08-16T09:58:49.299140,DEL-LHR,2026-08-16,scheduled,2026-08-16T11:10:00+00:00,,,2026-08-16T16:15:00+00:00,,,,,VN3195,Vietnam Airlines
2026-08-16T09:58:49.299182,DEL-LHR,2026-08-16,scheduled,2026-08-16T11:10:00+00:00,,,2026-08-16T16:15:00+00:00,,,,,DL5946,Delta Air Lines
2026-08-16T09:58:49.299191,DEL-LHR,2026-08-16,active,2026-08-16T10:05:00+00:00,,,2026-08-16T15:20:00+00:00,,,,,AA6664,American Airlines
2026-08-16T09:58:49.299196,DEL-LHR,2026-08-16,active,2026-08-16T10:05:00+00:00,,,2026-08-16T15:20:00+00:00,,,,,IB3609,Iberia
2026-08-16T09:58:49.299200,DEL-LHR,2026-08-16,scheduled,2026-08-16T12:25:00+00:00,,,2026-08-16T19:00:00+00:00,,10,,,AI2017,Air India
2026-08-16T09:58:49.299204,DEL-LHR,2026-08-16,scheduled,2026-08-16T11:10:00+00:00,,,2026-08-16T16:15:00+00:00,,,,,VS301,Virgin Atlantic
2026-08-16T09:58:49.299208,DEL-LHR,2026-08-16,active,2026-08-16T10:30:00+00:00,,,2026-08-16T17:45:00+00:00,,33,,,6E3,IndiGo
2026-08-16T09:58:49.299211,DEL-LHR,2026-08-16,active,2026-08-16T10:05:00+00:00,,,2026-08-16T15:20:00+00:00,,,,,BA256,British Airways
2026-08-16T09:58:49.299215,DEL-LHR,2026-08-16,active,2026-08-16T02:05:00+00:00,2026-08-16T02:29:00+00:00,,2026-08-16T07:20:00+00:00,,25,24.0,,VN3193,Vietnam Airlines
2026-08-16T09:58:49.299236,DEL-LHR,2026-08-16,active,2026-08-16T02:05:00+00:00,2026-08-16T02:29:00+00:00,,2026-08-16T07:20:00+00:00,,25,24.0,,DL5949,Delta Air Lines
2026-08-16T09:58:49.299242,DEL-LHR,2026-08-16,scheduled,2026-08-16T04:55:00+00:00,2026-08-16T05:35:00+00:00,41,2026-08-16T11:30:00+00:00,,,40.0,,AI111,Air India
2026-08-16T09:58:49.299248,DEL-LHR,2026-08-16,active,2026-08-16T04:55:00+00:00,2026-08-16T05:35:00+00:00,41,2026-08-16T11:30:00+00:00,,40,40.0,,AC6451,Air Canada
2026-08-16T09:58:49.299253,DEL-LHR,2026-08-16,active,2026-08-16T04:55:00+00:00,2026-08-16T05:35:00+00:00,41,2026-08-16T11:30:00+00:00,,40,40.0,,TP7029,TAP Air Portugal
2026-08-16T09:58:49.299258,DEL-LHR,2026-08-16,active,2026-08-16T01:35:00+00:00,,,2026-08-16T06:50:00+00:00,,65,,,AA6662,American Airlines
2026-08-16T09:58:49.299262,DEL-LHR,2026-08-16,active,2026-08-16T02:05:00+00:00,2026-08-16T02:29:00+00:00,,2026-08-16T07:20:00+00:00,,,24.0,,VS303,Virgin Atlantic
2026-08-16T09:58:49.299267,DEL-LHR,2026-08-16,scheduled,2026-08-16T01:35:00+00:00,2026-08-16T03:28:00+00:00,34,2026-08-16T06:50:00+00:00,,34,113.0,,BA142,British Airways
2026-08-16T09:58:49.299273,DEL-LHR,2026-08-16,active,2026-08-16T00:55:00+00:00,2026-08-16T02:05:00+00:00,,2026-08-16T07:30:00+00:00,,,70.0,,AI161,Air India
2026-08-16T09:58:49.299278,DEL-LHR,2026-08-16,active,2026-08-16T00:55:00+00:00,,,2026-08-16T07:30:00+00:00,,42,,,AC6453,Air Canada
2026-08-16T09:58:49.299282,DEL-LHR,2026-08-16,active,2026-08-16T00:55:00+00:00,,,2026-08-16T07:30:00+00:00,,42,,,TP7023,TAP Air Portugal
2026-08-16T09:58:49.299286,DEL-LHR,2026-08-16,active,2026-08-16T00:55:00+00:00,,,2026-08-16T07:30:00+00:00,,42,,,SQ4921,Singapore Airlines
2026-08-16T09:58:49.299289,DEL-LHR,2026-08-15,landed,2026-08-15T11:10:00+00:00,2026-08-15T11:41:00+00:00,,2026-08-15T16:15:00+00:00,2026-08-15T15:52:00+00:00,,31.0,-23.0,VN3195,Vietnam Airlines
2026-08-16T09:58:49.299297,DEL-LHR,2026-08-15,landed,2026-08-15T11:10:00+00:00,2026-08-15T11:41:00+00:00,,2026-08-15T16:15:00+00:00,2026-08-15T15:52:00+00:00,,31.0,-23.0,DL5946,Delta Air Lines
2026-08-16T09:58:49.299304,DEL-LHR,2026-08-15,landed,2026-08-15T10:05:00+00:00,2026-08-15T10:25:00+00:00,,2026-08-15T15:20:00+00:00,2026-08-15T14:50:00+00:00,,20.0,-30.0,AA6664,American Airlines
2026-08-16T09:58:49.299310,DEL-LHR,2026-08-15,landed,2026-08-15T10:05:00+00:00,2026-08-15T10:25:00+00:00,,2026-08-15T15:20:00+00:00,2026-08-15T14:50:00+00:00,,20.0,-30.0,IB3609,Iberia
2026-08-16T09:58:49.299315,DEL-LHR,2026-08-15,landed,2026-08-15T12:25:00+00:00,2026-08-15T13:10:00+00:00,,2026-08-15T19:00:00+00:00,2026-08-15T18:31:00+00:00,,45.0,-29.0,AI2017,Air India
2026-08-16T09:58:49.299321,DEL-LHR,2026-08-15,landed,2026-08-15T12:25:00+00:00,2026-08-15T12:53:00+00:00,25,2026-08-15T19:00:00+00:00,2026-08-15T18:03:00+00:00,,28.0,-57.0,AI2015,Air India
2026-08-16T09:58:49.299328,DEL-LHR,2026-08-15,landed,2026-08-15T11:10:00+00:00,2026-08-15T11:41:00+00:00,,2026-08-15T16:15:00+00:00,2026-08-15T15:52:00+00:00,,31.0,-23.0,VS301,Virgin Atlantic
2026-08-16T09:58:49.299334,DEL-LHR,2026-08-15,landed,2026-08-15T10:30:00+00:00,2026-08-15T10:49:00+00:00,,2026-08-15T17:45:00+00:00,2026-08-15T16:24:00+00:00,,19.0,-81.0,6E3,IndiGo
2026-08-16T09:58:49.299340,DEL-LHR,2026-08-15,landed,2026-08-15T10:05:00+00:00,2026-08-15T10:25:00+00:00,,2026-08-15T15:20:00+00:00,2026-08-15T14:50:00+00:00,,20.0,-30.0,BA256,British Airways
2026-08-16T09:58:49.299345,DEL-LHR,2026-08-15,landed,2026-08-15T04:55:00+00:00,2026-08-15T05:53:00+00:00,,2026-08-15T11:30:00+00:00,2026-08-15T11:11:00+00:00,,58.0,-19.0,AC6451,Air Canada
2026-08-16T09:58:49.299351,DEL-LHR,2026-08-15,landed,2026-08-15T04:55:00+00:00,2026-08-15T05:53:00+00:00,,2026-08-15T11:30:00+00:00,2026-08-15T11:11:00+00:00,,58.0,-19.0,TP7029,TAP Air Portugal
2026-08-16T09:58:49.299357,DEL-LHR,2026-08-15,landed,2026-08-15T04:55:00+00:00,2026-08-15T05:53:00+00:00,,2026-08-15T11:30:00+00:00,2026-08-15T11:11:00+00:00,,58.0,-19.0,AI111,Air India
2026-08-16T09:58:49.299363,DEL-LHR,2026-08-15,landed,2026-08-15T02:05:00+00:00,2026-08-15T02:27:00+00:00,,2026-08-15T07:20:00+00:00,2026-08-15T06:48:00+00:00,,22.0,-32.0,VS303,Virgin Atlantic
2026-08-16T09:58:49.299369,DEL-LHR,2026-08-15,landed,2026-08-15T02:05:00+00:00,2026-08-15T02:27:00+00:00,,2026-08-15T07:20:00+00:00,2026-08-15T06:48:00+00:00,,22.0,-32.0,VN3193,Vietnam Airlines
2026-08-16T09:58:49.299376,DEL-LHR,2026-08-15,landed,2026-08-15T02:05:00+00:00,2026-08-15T02:27:00+00:00,,2026-08-15T07:20:00+00:00,2026-08-15T06:48:00+00:00,,22.0,-32.0,DL5949,Delta Air Lines
2026-08-16T09:58:49.299382,DEL-LHR,2026-08-15,cancelled,2026-08-15T01:35:00+00:00,,,2026-08-15T06:50:00+00:00,,,,,BA142,British Airways
2026-08-16T09:58:49.299386,DEL-LHR,2026-08-15,cancelled,2026-08-15T01:35:00+00:00,,,2026-08-15T06:50:00+00:00,,,,,AA6662,American Airlines
2026-08-16T09:58:49.299390,DEL-LHR,2026-08-15,landed,2026-08-15T00:55:00+00:00,2026-08-15T02:07:00+00:00,11,2026-08-15T07:30:00+00:00,2026-08-15T07:41:00+00:00,11,72.0,11.0,AI161,Air India
2026-08-16T09:58:49.299396,DEL-LHR,2026-08-15,landed,2026-08-15T00:55:00+00:00,2026-08-15T02:07:00+00:00,11,2026-08-15T07:30:00+00:00,2026-08-15T07:41:00+00:00,11,72.0,11.0,AC6453,Air Canada
2026-08-16T09:58:49.299402,DEL-LHR,2026-08-15,landed,2026-08-15T00:55:00+00:00,2026-08-15T02:07:00+00:00,11,2026-08-15T07:30:00+00:00,2026-08-15T07:41:00+00:00,11,72.0,11.0,TP7023,TAP Air Portugal
2026-08-16T09:58:49.299408,DEL-LHR,2026-08-15,landed,2026-08-15T00:55:00+00:00,2026-08-15T02:07:00+00:00,11,2026-08-15T07:30:00+00:00,2026-08-15T07:41:00+00:00,11,72.0,11.0,SQ4921,Singapore Airlines
2026-08-16T09:59:11.006119,BLR-FRA,2026-08-16,active,2026-08-16T03:00:00+00:00,,,2026-08-16T09:05:00+00:00,,27,,,AI8755,Air India
2026-08-16T09:59:11.006157,BLR-FRA,2026-08-16,active,2026-08-16T03:00:00+00:00,,,2026-08-16T09:05:00+00:00,,27,,,AC9057,Air Canada
2026-08-16T09:59:11.006171,BLR-FRA,2026-08-16,scheduled,2026-08-16T03:00:00+00:00,,,2026-08-16T09:05:00+00:00,,,,,LH755,Lufthansa
2026-08-16T09:59:11.006183,BLR-FRA,2026-08-15,landed,2026-08-15T03:00:00+00:00,2026-08-15T03:56:00+00:00,26,2026-08-15T09:05:00+00:00,2026-08-15T09:31:00+00:00,26,56.0,26.0,AI8755,Air India
2026-08-16T09:59:11.006220,BLR-FRA,2026-08-15,landed,2026-08-15T03:00:00+00:00,2026-08-15T03:56:00+00:00,26,2026-08-15T09:05:00+00:00,2026-08-15T09:31:00+00:00,26,56.0,26.0,AC9057,Air Canada
2026-08-16T09:59:11.006241,BLR-FRA,2026-08-15,landed,2026-08-15T03:00:00+00:00,2026-08-15T03:56:00+00:00,26,2026-08-15T09:05:00+00:00,2026-08-15T09:31:00+00:00,26,56.0,26.0,LH755,Lufthansa
2026-08-16T09:59:32.617868,BOM-AMS,2026-08-16,active,2026-08-16T04:55:00+00:00,2026-08-16T05:09:00+00:00,,2026-08-16T11:15:00+00:00,,15,14.0,,6E21,IndiGo
2026-08-16T09:59:32.617924,BOM-AMS,2026-08-16,active,2026-08-16T02:00:00+00:00,2026-08-16T02:28:00+00:00,,2026-08-16T07:50:00+00:00,,,28.0,,KL878,KLM
2026-08-16T09:59:32.617943,BOM-AMS,2026-08-16,active,2026-08-16T02:00:00+00:00,2026-08-16T02:28:00+00:00,,2026-08-16T07:50:00+00:00,,29,28.0,,DL9495,Delta Air Lines
2026-08-16T09:59:32.617960,BOM-AMS,2026-08-16,active,2026-08-16T02:00:00+00:00,2026-08-16T02:28:00+00:00,,2026-08-16T07:50:00+00:00,,29,28.0,,AF3132,Air France
2026-08-16T09:59:32.617975,BOM-AMS,2026-08-15,landed,2026-08-15T08:20:00+00:00,2026-08-15T08:40:00+00:00,,2026-08-15T14:10:00+00:00,2026-08-15T14:06:00+00:00,,20.0,-4.0,CI5685,China Airlines
2026-08-16T09:59:32.617998,BOM-AMS,2026-08-15,landed,2026-08-15T04:50:00+00:00,2026-08-15T05:11:00+00:00,,2026-08-15T11:15:00+00:00,2026-08-15T10:43:00+00:00,,21.0,-32.0,6E21,IndiGo
2026-08-16T09:59:32.618019,BOM-AMS,2026-08-15,landed,2026-08-15T02:00:00+00:00,2026-08-15T02:29:00+00:00,4,2026-08-15T07:50:00+00:00,2026-08-15T07:36:00+00:00,,29.0,-14.0,KL878,KLM
2026-08-16T09:59:32.618038,BOM-AMS,2026-08-15,landed,2026-08-15T02:00:00+00:00,2026-08-15T02:29:00+00:00,,2026-08-15T07:50:00+00:00,2026-08-15T07:36:00+00:00,,29.0,-14.0,DL9495,Delta Air Lines
2026-08-16T09:59:32.618058,BOM-AMS,2026-08-15,landed,2026-08-15T02:00:00+00:00,2026-08-15T02:29:00+00:00,,2026-08-15T07:50:00+00:00,2026-08-15T07:36:00+00:00,,29.0,-14.0,AF3132,Air France
2026-08-17T08:13:03.009355,DEL-LHR,2026-08-17,scheduled,2026-08-17T11:10:00+00:00,,,2026-08-17T16:15:00+00:00,,28,,,VN3195,Vietnam Airlines
2026-08-17T08:13:03.009441,DEL-LHR,2026-08-17,scheduled,2026-08-17T11:10:00+00:00,,,2026-08-17T16:15:00+00:00,,28,,,DL5946,Delta Air Lines
2026-08-17T08:13:03.009462,DEL-LHR,2026-08-17,scheduled,2026-08-17T12:25:00+00:00,,,2026-08-17T19:00:00+00:00,,,,,AI2017,Air India
2026-08-17T08:13:03.009478,DEL-LHR,2026-08-17,scheduled,2026-08-17T11:10:00+00:00,,,2026-08-17T16:15:00+00:00,,28,,,VS301,Virgin Atlantic
2026-08-17T08:13:03.009491,DEL-LHR,2026-08-17,scheduled,2026-08-17T10:30:00+00:00,,,2026-08-17T17:45:00+00:00,,33,,,6E3,IndiGo
2026-08-17T08:13:03.009503,DEL-LHR,2026-08-17,scheduled,2026-08-17T10:05:00+00:00,,,2026-08-17T15:20:00+00:00,,,,,BA256,British Airways
2026-08-17T08:13:03.009515,DEL-LHR,2026-08-17,active,2026-08-17T04:55:00+00:00,2026-08-17T05:34:00+00:00,,2026-08-17T11:30:00+00:00,,39,39.0,,AC6451,Air Canada
2026-08-17T08:13:03.009560,DEL-LHR,2026-08-17,active,2026-08-17T04:55:00+00:00,2026-08-17T05:34:00+00:00,,2026-08-17T11:30:00+00:00,,39,39.0,,TP7029,TAP Air Portugal
2026-08-17T08:13:03.009581,DEL-LHR,2026-08-17,active,2026-08-17T02:05:00+00:00,2026-08-17T02:29:00+00:00,,2026-08-17T07:20:00+00:00,,25,24.0,,VN3193,Vietnam Airlines
2026-08-17T08:13:03.009600,DEL-LHR,2026-08-17,active,2026-08-17T02:05:00+00:00,2026-08-17T02:29:00+00:00,,2026-08-17T07:20:00+00:00,,25,24.0,,DL5949,Delta Air Lines
2026-08-17T08:13:03.009617,DEL-LHR,2026-08-17,active,2026-08-17T01:35:00+00:00,,,2026-08-17T06:50:00+00:00,,10,,,AA6662,American Airlines
2026-08-17T08:13:03.009630,DEL-LHR,2026-08-17,active,2026-08-17T04:55:00+00:00,2026-08-17T05:34:00+00:00,,2026-08-17T11:30:00+00:00,,39,39.0,,AI111,Air India
2026-08-17T08:13:03.009648,DEL-LHR,2026-08-17,active,2026-08-17T00:55:00+00:00,,,2026-08-17T07:30:00+00:00,,34,,,AC6453,Air Canada
2026-08-17T08:13:03.009660,DEL-LHR,2026-08-17,active,2026-08-17T00:55:00+00:00,,,2026-08-17T07:30:00+00:00,,34,,,TP7023,TAP Air Portugal
2026-08-17T08:13:03.009673,DEL-LHR,2026-08-17,active,2026-08-17T00:55:00+00:00,,,2026-08-17T07:30:00+00:00,,34,,,SQ4921,Singapore Airlines
2026-08-17T08:13:03.009686,DEL-LHR,2026-08-17,active,2026-08-17T02:05:00+00:00,2026-08-17T02:29:00+00:00,,2026-08-17T07:20:00+00:00,,,24.0,,VS303,Virgin Atlantic
2026-08-17T08:13:03.009703,DEL-LHR,2026-08-17,active,2026-08-17T01:35:00+00:00,2026-08-17T02:32:00+00:00,,2026-08-17T06:50:00+00:00,,,57.0,,BA142,British Airways
2026-08-17T08:13:03.009724,DEL-LHR,2026-08-17,active,2026-08-17T00:55:00+00:00,2026-08-17T01:51:00+00:00,,2026-08-17T07:30:00+00:00,,,56.0,,AI161,Air India
2026-08-17T08:13:03.009741,DEL-LHR,2026-08-16,landed,2026-08-16T11:10:00+00:00,2026-08-16T11:27:00+00:00,,2026-08-16T16:15:00+00:00,2026-08-16T15:38:00+00:00,,17.0,-37.0,VN3195,Vietnam Airlines
2026-08-17T08:13:03.009765,DEL-LHR,2026-08-16,landed,2026-08-16T11:10:00+00:00,2026-08-16T11:27:00+00:00,,2026-08-16T16:15:00+00:00,2026-08-16T15:38:00+00:00,,17.0,-37.0,DL5946,Delta Air Lines
2026-08-17T08:13:03.009787,DEL-LHR,2026-08-16,landed,2026-08-16T10:05:00+00:00,2026-08-16T10:24:00+00:00,,2026-08-16T15:20:00+00:00,2026-08-16T14:44:00+00:00,,19.0,-36.0,AA6664,American Airlines
2026-08-17T08:13:03.009808,DEL-LHR,2026-08-16,landed,2026-08-16T10:05:00+00:00,2026-08-16T10:24:00+00:00,,2026-08-16T15:20:00+00:00,2026-08-16T14:44:00+00:00,,19.0,-36.0,IB3609,Iberia
2026-08-17T08:13:03.009823,DEL-LHR,2026-08-16,landed,2026-08-16T12:25:00+00:00,2026-08-16T12:58:00+00:00,32,2026-08-16T19:00:00+00:00,2026-08-16T18:18:00+00:00,,33.0,-42.0,AI2017,Air India
2026-08-17T08:13:03.009841,DEL-LHR,2026-08-16,landed,2026-08-16T11:10:00+00:00,2026-08-16T11:27:00+00:00,,2026-08-16T16:15:00+00:00,2026-08-16T15:38:00+00:00,,17.0,-37.0,VS301,Virgin Atlantic
2026-08-17T08:13:03.009858,DEL-LHR,2026-08-16,diverted,2026-08-16T10:30:00+00:00,2026-08-16T15:30:00+00:00,148,2026-08-16T17:45:00+00:00,,148,300.0,,6E3,IndiGo
2026-08-17T08:13:03.009874,DEL-LHR,2026-08-16,landed,2026-08-16T10:05:00+00:00,2026-08-16T10:24:00+00:00,,2026-08-16T15:20:00+00:00,2026-08-16T14:44:00+00:00,,19.0,-36.0,BA256,British Airways
2026-08-17T08:13:03.009893,DEL-LHR,2026-08-16,landed,2026-08-16T02:05:00+00:00,2026-08-16T02:29:00+00:00,,2026-08-16T07:20:00+00:00,2026-08-16T06:53:00+00:00,,24.0,-27.0,VN3193,Vietnam Airlines
2026-08-17T08:13:03.009911,DEL-LHR,2026-08-16,landed,2026-08-16T02:05:00+00:00,2026-08-16T02:29:00+00:00,,2026-08-16T07:20:00+00:00,2026-08-16T06:53:00+00:00,,24.0,-27.0,DL5949,Delta Air Lines
2026-08-17T08:13:03.009929,DEL-LHR,2026-08-16,landed,2026-08-16T04:55:00+00:00,2026-08-16T05:35:00+00:00,41,2026-08-16T11:30:00+00:00,2026-08-16T10:51:00+00:00,,40.0,-39.0,AI111,Air India
2026-08-17T08:13:03.009948,DEL-LHR,2026-08-16,landed,2026-08-16T04:55:00+00:00,2026-08-16T05:35:00+00:00,41,2026-08-16T11:30:00+00:00,2026-08-16T10:51:00+00:00,,40.0,-39.0,AC6451,Air Canada
2026-08-17T08:13:03.009965,DEL-LHR,2026-08-16,landed,2026-08-16T04:55:00+00:00,2026-08-16T05:35:00+00:00,41,2026-08-16T11:30:00+00:00,2026-08-16T10:51:00+00:00,,40.0,-39.0,TP7029,TAP Air Portugal
2026-08-17T08:13:03.009987,DEL-LHR,2026-08-16,landed,2026-08-16T01:35:00+00:00,2026-08-16T03:28:00+00:00,38,2026-08-16T06:50:00+00:00,2026-08-16T07:28:00+00:00,38,113.0,38.0,AA6662,American Airlines
2026-08-17T08:13:03.010007,DEL-LHR,2026-08-16,landed,2026-08-16T02:05:00+00:00,2026-08-16T02:29:00+00:00,,2026-08-16T07:20:00+00:00,2026-08-16T06:53:00+00:00,,24.0,-27.0,VS303,Virgin Atlantic
2026-08-17T08:13:03.010028,DEL-LHR,2026-08-16,landed,2026-08-16T01:35:00+00:00,2026-08-16T03:28:00+00:00,38,2026-08-16T06:50:00+00:00,2026-08-16T07:28:00+00:00,38,113.0,38.0,BA142,British Airways
2026-08-17T08:13:03.010052,DEL-LHR,2026-08-16,landed,2026-08-16T00:55:00+00:00,2026-08-16T02:05:00+00:00,,2026-08-16T07:30:00+00:00,2026-08-16T07:14:00+00:00,,70.0,-16.0,AI161,Air India
2026-08-17T08:13:03.010072,DEL-LHR,2026-08-16,landed,2026-08-16T00:55:00+00:00,2026-08-16T02:05:00+00:00,,2026-08-16T07:30:00+00:00,2026-08-16T07:14:00+00:00,,70.0,-16.0,AC6453,Air Canada
2026-08-17T08:13:03.010092,DEL-LHR,2026-08-16,landed,2026-08-16T00:55:00+00:00,2026-08-16T02:05:00+00:00,,2026-08-16T07:30:00+00:00,2026-08-16T07:14:00+00:00,,70.0,-16.0,TP7023,TAP Air Portugal
2026-08-17T08:13:03.010111,DEL-LHR,2026-08-16,landed,2026-08-16T00:55:00+00:00,2026-08-16T02:05:00+00:00,,2026-08-16T07:30:00+00:00,2026-08-16T07:14:00+00:00,,70.0,-16.0,SQ4921,Singapore Airlines
2026-08-17T08:13:03.590767,BLR-FRA,2026-08-17,active,2026-08-17T03:00:00+00:00,2026-08-17T03:38:00+00:00,5,2026-08-17T09:05:00+00:00,,38,38.0,,AI8755,Air India
2026-08-17T08:13:03.590823,BLR-FRA,2026-08-17,active,2026-08-17T03:00:00+00:00,2026-08-17T03:38:00+00:00,5,2026-08-17T09:05:00+00:00,,38,38.0,,AC9057,Air Canada
2026-08-17T08:13:03.590843,BLR-FRA,2026-08-17,scheduled,2026-08-17T03:00:00+00:00,2026-08-17T03:38:00+00:00,5,2026-08-17T09:05:00+00:00,,,38.0,,LH755,Lufthansa
2026-08-17T08:13:03.590859,BLR-FRA,2026-08-16,landed,2026-08-16T03:00:00+00:00,2026-08-16T03:44:00+00:00,25,2026-08-16T09:05:00+00:00,2026-08-16T09:30:00+00:00,25,44.0,25.0,AI8755,Air India
2026-08-17T08:13:03.590881,BLR-FRA,2026-08-16,landed,2026-08-16T03:00:00+00:00,2026-08-16T03:44:00+00:00,25,2026-08-16T09:05:00+00:00,2026-08-16T09:30:00+00:00,25,44.0,25.0,AC9057,Air Canada
2026-08-17T08:13:03.590902,BLR-FRA,2026-08-16,landed,2026-08-16T03:00:00+00:00,2026-08-16T03:44:00+00:00,25,2026-08-16T09:05:00+00:00,2026-08-16T09:30:00+00:00,25,44.0,25.0,LH755,Lufthansa
2026-08-17T08:13:03.952955,BOM-AMS,2026-08-17,active,2026-08-17T04:55:00+00:00,2026-08-17T05:07:00+00:00,,2026-08-17T11:15:00+00:00,,12,12.0,,6E21,Norse
2026-08-17T08:13:03.953032,BOM-AMS,2026-08-17,scheduled,2026-08-17T04:55:00+00:00,,,2026-08-17T11:15:00+00:00,,15,,,N021,Norse
2026-08-17T08:13:03.953051,BOM-AMS,2026-08-17,active,2026-08-17T02:00:00+00:00,2026-08-17T02:16:00+00:00,,2026-08-17T07:50:00+00:00,,17,16.0,,KL878,KLM
2026-08-17T08:13:03.953075,BOM-AMS,2026-08-17,active,2026-08-17T02:00:00+00:00,2026-08-17T02:16:00+00:00,,2026-08-17T07:50:00+00:00,,17,16.0,,DL9495,Delta Air Lines
2026-08-17T08:13:03.953097,BOM-AMS,2026-08-17,active,2026-08-17T02:00:00+00:00,2026-08-17T02:16:00+00:00,,2026-08-17T07:50:00+00:00,,17,16.0,,AF3132,Air France
2026-08-17T08:13:03.953119,BOM-AMS,2026-08-16,landed,2026-08-16T04:55:00+00:00,2026-08-16T05:09:00+00:00,,2026-08-16T11:15:00+00:00,2026-08-16T10:47:00+00:00,,14.0,-28.0,6E21,IndiGo
2026-08-17T08:13:03.953147,BOM-AMS,2026-08-16,landed,2026-08-16T02:00:00+00:00,2026-08-16T02:28:00+00:00,,2026-08-16T07:50:00+00:00,2026-08-16T07:42:00+00:00,,28.0,-8.0,KL878,KLM
2026-08-17T08:13:03.953175,BOM-AMS,2026-08-16,landed,2026-08-16T02:00:00+00:00,2026-08-16T02:28:00+00:00,,2026-08-16T07:50:00+00:00,2026-08-16T07:42:00+00:00,,28.0,-8.0,DL9495,Delta Air Lines
2026-08-17T08:13:03.953201,BOM-AMS,2026-08-16,landed,2026-08-16T02:00:00+00:00,2026-08-16T02:28:00+00:00,,2026-08-16T07:50:00+00:00,2026-08-16T07:42:00+00:00,,28.0,-8.0,AF3132,Air France
